id,input,claim_type,injury,estimate_band,route
cla-tr-0000,"Someone broke in and drove off with my 2017 Ford F-150 yesterday. Kelley Blue Book value is around $5,400. I only switched to Granite Shield 16 days ago. Policyholder: James Murphy.",theft,no,2k_to_10k,special_investigations
cla-tr-0001,"FNOL call notes - insured Hannah Shah. Hail dented the hood and roof of their 2023 Kia Telluride 14 days ago. The shop says roughly $4,250 to fix.",weather,no,2k_to_10k,standard_adjuster
cla-tr-0002,"Two weeks ago another driver ran a stop sign and T-boned my 2023 Kia Telluride. Nobody was hurt. The body shop quoted $4,550. Customer since 2010. Policyholder: James Dubois.",collision,no,2k_to_10k,standard_adjuster
cla-tr-0003,"Two weeks ago another driver ran a stop sign and T-boned my 2022 Toyota Camry. My neck and back are hurting and I went to urgent care. Repair estimate is about $4,000. Customer since 2018. Policyholder: Grace Rossi.",collision,yes,2k_to_10k,senior_adjuster
cla-tr-0004,"FNOL call notes - insured Mateo Tanaka. Insured slid into a guardrail 5 days ago and the front of their 2015 Subaru Outback is crushed. The body shop quoted $42,350. I only switched to Granite Shield 5 days ago.",collision,no,over_10k,special_investigations
cla-tr-0005,"FNOL call notes - insured James Kim. Hail dented the hood and roof of their 2018 Jeep Wrangler four days ago. The body shop quoted $17,450.",weather,no,over_10k,standard_adjuster
cla-tr-0006,"Vandals spray-painted my 2023 Kia Telluride three weeks ago. Repair estimate is about $24,900. Customer since 2008. Policyholder: Samuel Novak.",vandalism,no,over_10k,standard_adjuster
cla-tr-0007,"FNOL call notes - insured Omar Singh. Their 2023 Kia Telluride was sitting in a flooded parking lot 12 days ago and water got inside. I'd guess the damage is around $6,600. I've been a Granite Shield customer for six years.",weather,no,2k_to_10k,standard_adjuster
cla-tr-0008,"I was rear-ended at a red light 4 days ago in my 2015 Subaru Outback. The other driver complained of chest pain and was taken away by ambulance. The body shop quoted $20,600. Policyholder: Luca Okafor.",collision,yes,over_10k,senior_adjuster
cla-tr-0009,"FNOL call notes - insured Kenji Murphy. Vandals spray-painted their 2015 Subaru Outback 5 days ago. The shop says roughly $1,550 to fix.",vandalism,no,under_2k,fast_track
cla-tr-0010,"FNOL call notes - insured Samuel Garcia. A tree branch fell on their 2021 Tesla Model 3 during the storm 4 days ago. The shop says roughly $35,900 to fix.",weather,no,over_10k,standard_adjuster
cla-tr-0011,"FNOL call notes - insured Aisha Shah. A rock hit their windshield on the highway two weeks ago and it cracked across the driver's side. The shop says roughly $1,400 to fix. Customer since 2009.",glass,no,under_2k,fast_track
cla-tr-0012,Someone broke in and drove off with my 2019 Honda CR-V 12 days ago. Kelley Blue Book value is around $350. I've been a Granite Shield customer for 2 years. Policyholder: James Mensah.,theft,no,under_2k,special_investigations
cla-tr-0013,"I slid into a guardrail twelve days ago and the front of my 2017 Ford F-150 is crushed. The other driver complained of chest pain and was taken away by ambulance. Repair estimate is about $5,400. Policyholder: Diego Shah.",collision,yes,2k_to_10k,senior_adjuster
cla-tr-0014,"I slid into a guardrail yesterday and the front of my 2017 Ford F-150 is crushed. The other driver complained of chest pain and was taken away by ambulance. The body shop quoted $9,000. Policyholder: Rachel Larsen.",collision,yes,2k_to_10k,senior_adjuster
cla-tr-0015,This morning another driver ran a stop sign and T-boned my 2019 Honda CR-V. I hit my head on the steering wheel and an ambulance took me to the hospital. Repair estimate is about $400. My Granite Shield policy started 16 days ago. Policyholder: Nina Ali.,collision,yes,under_2k,special_investigations
cla-tr-0016,"FNOL call notes - insured Hannah Singh. Someone broke in and drove off with their 2017 Ford F-150 this morning. The car is worth about $13,500. Customer since 2011.",theft,no,over_10k,standard_adjuster
cla-tr-0017,"Hail dented the hood and roof of my 2018 Jeep Wrangler 3 days ago. The body shop quoted $26,050. Policyholder: Chen Rossi.",weather,no,over_10k,standard_adjuster
cla-tr-0018,"FNOL call notes - insured Rachel Reyes. Insured was rear-ended at a red light 4 days ago in their 2017 Ford F-150. Everyone is fine. The body shop quoted $1,050. Customer since 2013.",collision,no,under_2k,fast_track
cla-tr-0019,"Two days ago a stone chipped my windshield and the crack is spreading. I'd guess the damage is around $1,500. Policyholder: Sofia Wang.",glass,no,under_2k,fast_track
cla-tr-0020,"FNOL call notes - insured Ben Murphy. Insured slid into a guardrail 21 days ago and the front of their 2023 Kia Telluride is crushed. No injuries, thankfully. The body shop quoted $500.",collision,no,under_2k,fast_track
cla-tr-0021,"Vandals spray-painted my 2019 Honda CR-V twelve days ago. The shop says roughly $5,450 to fix. Policyholder: Diego Okafor.",vandalism,no,2k_to_10k,standard_adjuster
cla-tr-0022,"Vandals spray-painted my 2018 Jeep Wrangler 10 days ago. The shop says roughly $6,550 to fix. Policyholder: Mei Haddad.",vandalism,no,2k_to_10k,standard_adjuster
cla-tr-0023,"FNOL call notes - insured Fatima Garcia. Someone keyed both sides of their 2019 Honda CR-V three weeks ago. I'd guess the damage is around $4,700. I've been a Granite Shield customer for nine years.",vandalism,no,2k_to_10k,standard_adjuster
cla-tr-0024,"My tires were slashed and mirrors smashed 14 days ago while parked on the street. I'd guess the damage is around $1,500. I've been a Granite Shield customer for six years. Policyholder: Camila Haddad.",vandalism,no,under_2k,fast_track
cla-tr-0025,"FNOL call notes - insured Elena Singh. Someone merged into their lane on the highway ten days ago and sideswiped their 2015 Subaru Outback. Nobody was hurt. Repair estimate is about $34,550.",collision,no,over_10k,standard_adjuster
cla-tr-0026,"FNOL call notes - insured Samuel Silva. Insured slid into a guardrail five days ago and the front of their 2020 Hyundai Tucson is crushed. The shop says roughly $17,350 to fix. My Granite Shield policy started 20 days ago.",collision,no,over_10k,special_investigations
cla-tr-0027,Hail dented the hood and roof of my 2023 Kia Telluride twelve days ago. The shop says roughly $700 to fix. Policyholder: Kenji Singh.,weather,no,under_2k,fast_track
cla-tr-0028,"A rock hit my windshield on the highway four days ago and it cracked across the driver's side. Repair estimate is about $1,300. I've been a Granite Shield customer for 6 years. Policyholder: Mateo Ali.",glass,no,under_2k,fast_track
cla-tr-0029,"FNOL call notes - insured Nina Garcia. Someone keyed both sides of their 2021 Tesla Model 3 twelve days ago. The body shop quoted $4,250. Customer since 2008.",vandalism,no,2k_to_10k,standard_adjuster
cla-tr-0030,"FNOL call notes - insured Noah Silva. Their tires were slashed and mirrors smashed yesterday while parked on the street. The shop says roughly $1,150 to fix.",vandalism,no,under_2k,fast_track
cla-tr-0031,"Someone merged into my lane on the highway 12 days ago and sideswiped my 2018 Jeep Wrangler. Everyone is fine. The body shop quoted $1,450. Policyholder: Zara Shah.",collision,no,under_2k,fast_track
cla-tr-0032,"Three weeks ago another driver ran a stop sign and T-boned my 2015 Subaru Outback. Everyone is fine. Repair estimate is about $6,150. Customer since 2012. Policyholder: Samuel Ali.",collision,no,2k_to_10k,standard_adjuster
cla-tr-0033,"A rock hit my windshield on the highway five days ago and it cracked across the driver's side. Repair estimate is about $1,400. Policyholder: Arjun Mensah.",glass,no,under_2k,fast_track
cla-tr-0034,"5 days ago another driver ran a stop sign and T-boned my 2020 Hyundai Tucson. Repair estimate is about $6,650. Policyholder: Samuel Ali.",collision,no,2k_to_10k,standard_adjuster
cla-tr-0035,"FNOL call notes - insured Ben Tanaka. Vandals spray-painted their 2023 Kia Telluride 2 days ago. The body shop quoted $4,950. I've been a Granite Shield customer for six years.",vandalism,no,2k_to_10k,standard_adjuster
cla-tr-0036,"Someone merged into my lane on the highway 10 days ago and sideswiped my 2015 Subaru Outback. No injuries, thankfully. Repair estimate is about $7,850. Policyholder: Ben Reyes.",collision,no,2k_to_10k,standard_adjuster
cla-tr-0037,"FNOL call notes - insured Grace Novak. Their rear window on the 2018 Jeep Wrangler shattered four days ago, no other damage. I'd guess the damage is around $400. I only switched to Granite Shield 12 days ago.",glass,no,under_2k,special_investigations
cla-tr-0038,"Two days ago another driver ran a stop sign and T-boned my 2021 Tesla Model 3. Nobody was hurt. I'd guess the damage is around $4,900. Policyholder: Maria Shah.",collision,no,2k_to_10k,standard_adjuster
cla-tr-0039,Someone broke in and drove off with my 2022 Toyota Camry 12 days ago. The car is worth about $900. My Granite Shield policy started 5 days ago. Policyholder: Rachel Singh.,theft,no,under_2k,special_investigations
cla-tr-0040,"FNOL call notes - insured Noah Ali. Hail dented the hood and roof of their 2019 Honda CR-V three weeks ago. I'd guess the damage is around $4,050.",weather,no,2k_to_10k,standard_adjuster
cla-tr-0041,"FNOL call notes - insured Camila Novak. Someone broke in and drove off with their 2017 Ford F-150 this morning. The car is worth about $6,300.",theft,no,2k_to_10k,standard_adjuster
cla-tr-0042,FNOL call notes - insured Priya Shah. Insured slid into a guardrail three days ago and the front of their 2015 Subaru Outback is crushed. I'd guess the damage is around $250. I just took out this policy 5 days ago.,collision,no,under_2k,special_investigations
cla-tr-0043,"Someone broke in and drove off with my 2015 Subaru Outback 5 days ago. Kelley Blue Book value is around $6,000. Policyholder: Rachel Cohen.",theft,no,2k_to_10k,standard_adjuster
cla-tr-0044,"Two days ago another driver ran a stop sign and T-boned my 2020 Hyundai Tucson. Everyone is fine. Repair estimate is about $7,350. Customer since 2017. Policyholder: Aisha Silva.",collision,no,2k_to_10k,standard_adjuster
cla-tr-0045,"FNOL call notes - insured Priya Singh. Someone broke in and drove off with their 2018 Jeep Wrangler yesterday. Kelley Blue Book value is around $23,100.",theft,no,over_10k,standard_adjuster
cla-tr-0046,"I slid into a guardrail 4 days ago and the front of my 2015 Subaru Outback is crushed. No injuries, thankfully. The shop says roughly $1,000 to fix. I only switched to Granite Shield 12 days ago. Policyholder: Dev Ali.",collision,no,under_2k,special_investigations
cla-tr-0047,"FNOL call notes - insured Camila Okafor. Someone merged into their lane on the highway yesterday and sideswiped their 2023 Kia Telluride. No injuries, thankfully. The body shop quoted $4,050.",collision,no,2k_to_10k,standard_adjuster
cla-tr-0048,"My tires were slashed and mirrors smashed yesterday while parked on the street. Repair estimate is about $6,100. Policyholder: Sofia Kim.",vandalism,no,2k_to_10k,standard_adjuster
cla-tr-0049,"Someone keyed both sides of my 2022 Toyota Camry 5 days ago. Repair estimate is about $1,100. I've been a Granite Shield customer for 8 years. Policyholder: Diego Ali.",vandalism,no,under_2k,fast_track
cla-tr-0050,"My 2021 Tesla Model 3 was stolen from my driveway three weeks ago. The car is worth about $7,400. Customer since 2011. Policyholder: Dev Novak.",theft,no,2k_to_10k,special_investigations
cla-tr-0051,"FNOL call notes - insured Ibrahim Reyes. Their tires were slashed and mirrors smashed yesterday while parked on the street. The shop says roughly $34,700 to fix.",vandalism,no,over_10k,standard_adjuster
cla-tr-0052,"I slid into a guardrail 14 days ago and the front of my 2017 Ford F-150 is crushed. Everyone is fine. Repair estimate is about $3,050. I've been a Granite Shield customer for seven years. Policyholder: Kenji Cohen.",collision,no,2k_to_10k,standard_adjuster
cla-tr-0053,"A tree branch fell on my 2022 Toyota Camry during the storm 3 days ago. I'd guess the damage is around $9,150. Policyholder: Luca Haddad.",weather,no,2k_to_10k,standard_adjuster
cla-tr-0054,"FNOL call notes - insured Camila Ali. Their 2015 Subaru Outback was stolen from their driveway four days ago. Kelley Blue Book value is around $5,500.",theft,no,2k_to_10k,standard_adjuster
cla-tr-0055,"FNOL call notes - insured Noah Okafor. Vandals spray-painted their 2018 Jeep Wrangler yesterday. The shop says roughly $3,350 to fix.",vandalism,no,2k_to_10k,standard_adjuster
cla-tr-0056,"FNOL call notes - insured Yara Novak. Their 2020 Hyundai Tucson was sitting in a flooded parking lot five days ago and water got inside. I'd guess the damage is around $21,100. My Granite Shield policy started 20 days ago.",weather,no,over_10k,special_investigations
cla-tr-0057,"A rock hit my windshield on the highway yesterday and it cracked across the driver's side. Repair estimate is about $1,700. I only switched to Granite Shield 5 days ago. Policyholder: Omar Garcia.",glass,no,under_2k,special_investigations
cla-tr-0058,Someone keyed both sides of my 2019 Honda CR-V three days ago. The shop says roughly $650 to fix. I've been a Granite Shield customer for 3 years. Policyholder: Samuel Singh.,vandalism,no,under_2k,fast_track
cla-tr-0059,"I slid into a guardrail 2 days ago and the front of my 2015 Subaru Outback is crushed. No injuries, thankfully. The body shop quoted $37,850. Policyholder: Sofia Cohen.",collision,no,over_10k,standard_adjuster
cla-tr-0060,"I slid into a guardrail 21 days ago and the front of my 2023 Kia Telluride is crushed. Nobody was hurt. I'd guess the damage is around $1,350. Policyholder: Omar Tanaka.",collision,no,under_2k,fast_track
cla-tr-0061,"FNOL call notes - insured Nina Novak. Their 2015 Subaru Outback was sitting in a flooded parking lot yesterday and water got inside. I'd guess the damage is around $2,900. Customer since 2011.",weather,no,2k_to_10k,standard_adjuster
cla-tr-0062,FNOL call notes - insured Kenji Dubois. Someone keyed both sides of their 2019 Honda CR-V yesterday. Repair estimate is about $500.,vandalism,no,under_2k,fast_track
cla-tr-0063,"I slid into a guardrail yesterday and the front of my 2021 Tesla Model 3 is crushed. Everyone is fine. The shop says roughly $7,900 to fix. Policyholder: Kenji Ali.",collision,no,2k_to_10k,standard_adjuster
cla-tr-0064,"FNOL call notes - insured Maria Silva. Hail dented the hood and roof of their 2019 Honda CR-V 21 days ago. I'd guess the damage is around $8,000.",weather,no,2k_to_10k,standard_adjuster
cla-tr-0065,"My rear window on the 2019 Honda CR-V shattered 12 days ago, no other damage. The body shop quoted $1,550. Policyholder: Luca Tanaka.",glass,no,under_2k,fast_track
cla-tr-0066,"FNOL call notes - insured Olu Wang. Vandals spray-painted their 2022 Toyota Camry three weeks ago. The body shop quoted $5,450. I've been a Granite Shield customer for four years.",vandalism,no,2k_to_10k,standard_adjuster
cla-tr-0067,I came out of work 4 days ago and my 2020 Hyundai Tucson was gone. Police report filed. The car is worth about $900. Policyholder: Sofia Patel.,theft,no,under_2k,fast_track
cla-tr-0068,"A tree branch fell on my 2018 Jeep Wrangler during the storm 10 days ago. The body shop quoted $8,300. Policyholder: Mateo Dubois.",weather,no,2k_to_10k,standard_adjuster
cla-tr-0069,"FNOL call notes - insured Diego Reyes. Insured came out of work yesterday and their 2017 Ford F-150 was gone. Police report filed. Kelley Blue Book value is around $1,150.",theft,no,under_2k,fast_track
cla-tr-0070,"FNOL call notes - insured Fatima Okafor. Their rear window on the 2019 Honda CR-V shattered yesterday, no other damage. The shop says roughly $1,450 to fix. Customer since 2014.",glass,no,under_2k,fast_track
cla-tr-0071,A rock hit my windshield on the highway 2 days ago and it cracked across the driver's side. I'd guess the damage is around $700. Customer since 2018. Policyholder: Mei Cohen.,glass,no,under_2k,fast_track
cla-tr-0072,"My 2015 Subaru Outback was sitting in a flooded parking lot this morning and water got inside. I'd guess the damage is around $1,200. Policyholder: Mateo Haddad.",weather,no,under_2k,fast_track
cla-tr-0073,"FNOL call notes - insured Camila Patel. Their 2020 Hyundai Tucson was stolen from their driveway two weeks ago. Kelley Blue Book value is around $8,500.",theft,no,2k_to_10k,special_investigations
cla-tr-0074,FNOL call notes - insured Mei Ali. Yesterday a stone chipped their windshield and the crack is spreading. I'd guess the damage is around $600.,glass,no,under_2k,fast_track
cla-tr-0075,FNOL call notes - insured Sofia Brooks. 3 days ago another driver ran a stop sign and T-boned their 2021 Tesla Model 3. Nobody was hurt. I'd guess the damage is around $250. I only switched to Granite Shield 12 days ago.,collision,no,under_2k,special_investigations
cla-tr-0076,"FNOL call notes - insured Aisha Wang. Someone keyed both sides of their 2017 Ford F-150 this morning. The body shop quoted $7,350.",vandalism,no,2k_to_10k,standard_adjuster
cla-tr-0077,"A tree branch fell on my 2022 Toyota Camry during the storm 2 days ago. The shop says roughly $31,550 to fix. My Granite Shield policy started 9 days ago. Policyholder: Dev Brooks.",weather,no,over_10k,special_investigations
cla-tr-0078,"FNOL call notes - insured Zara Murphy. Insured was rear-ended at a red light yesterday in their 2018 Jeep Wrangler. My passenger broke her wrist and was taken to the ER. I'd guess the damage is around $2,900. Customer since 2018.",collision,yes,2k_to_10k,senior_adjuster
cla-tr-0079,"I slid into a guardrail 14 days ago and the front of my 2021 Tesla Model 3 is crushed. The body shop quoted $3,600. I've been a Granite Shield customer for 6 years. Policyholder: Camila Patel.",collision,no,2k_to_10k,standard_adjuster
cla-tr-0080,"I was rear-ended at a red light yesterday in my 2020 Hyundai Tucson. Nobody was hurt. The shop says roughly $41,800 to fix. Policyholder: Aisha Mensah.",collision,no,over_10k,standard_adjuster
cla-tr-0081,FNOL call notes - insured Chen Reyes. Someone keyed both sides of their 2020 Hyundai Tucson twelve days ago. I'd guess the damage is around $250.,vandalism,no,under_2k,fast_track
cla-tr-0082,"Five days ago another driver ran a stop sign and T-boned my 2020 Hyundai Tucson. The shop says roughly $5,950 to fix. I've been a Granite Shield customer for 11 years. Policyholder: Priya Mensah.",collision,no,2k_to_10k,standard_adjuster
cla-tr-0083,"FNOL call notes - insured Elena Murphy. Insured came out of work yesterday and their 2021 Tesla Model 3 was gone. Police report filed. Kelley Blue Book value is around $1,450. My Granite Shield policy started 12 days ago.",theft,no,under_2k,special_investigations
cla-tr-0084,"FNOL call notes - insured Omar Kim. 12 days ago another driver ran a stop sign and T-boned their 2020 Hyundai Tucson. The body shop quoted $1,150. My Granite Shield policy started 20 days ago.",collision,no,under_2k,special_investigations
cla-tr-0085,"FNOL call notes - insured Maria Dubois. Their rear window on the 2021 Tesla Model 3 shattered yesterday, no other damage. Repair estimate is about $1,050.",glass,no,under_2k,fast_track
cla-tr-0086,My 2022 Toyota Camry was sitting in a flooded parking lot yesterday and water got inside. Repair estimate is about $850. I've been a Granite Shield customer for 12 years. Policyholder: Ben Dubois.,weather,no,under_2k,fast_track
cla-tr-0087,"FNOL call notes - insured Sofia Cohen. Hail dented the hood and roof of their 2015 Subaru Outback 12 days ago. I'd guess the damage is around $2,900. Customer since 2012.",weather,no,2k_to_10k,standard_adjuster
cla-tr-0088,"Someone merged into my lane on the highway four days ago and sideswiped my 2023 Kia Telluride. I hit my head on the steering wheel and an ambulance took me to the hospital. Repair estimate is about $1,450. Customer since 2015. Policyholder: Luca Rossi.",collision,yes,under_2k,senior_adjuster
cla-tr-0089,"FNOL call notes - insured Hannah Kim. Insured was rear-ended at a red light yesterday in their 2021 Tesla Model 3. The other driver complained of chest pain and was taken away by ambulance. Repair estimate is about $1,550.",collision,yes,under_2k,senior_adjuster
cla-tr-0090,FNOL call notes - insured Fatima Ali. 4 days ago another driver ran a stop sign and T-boned their 2017 Ford F-150. Repair estimate is about $350. I've been a Granite Shield customer for 2 years.,collision,no,under_2k,fast_track
cla-tr-0091,"FNOL call notes - insured Lily Novak. Someone keyed both sides of their 2019 Honda CR-V four days ago. I'd guess the damage is around $1,150. I just took out this policy 9 days ago.",vandalism,no,under_2k,special_investigations
cla-tr-0092,"5 days ago another driver ran a stop sign and T-boned my 2015 Subaru Outback. I'd guess the damage is around $35,050. I've been a Granite Shield customer for 1 years. Policyholder: Camila Garcia.",collision,no,over_10k,standard_adjuster
cla-tr-0093,"FNOL call notes - insured Camila Okafor. Insured came out of work 3 days ago and their 2022 Toyota Camry was gone. Police report filed. The car is worth about $8,700.",theft,no,2k_to_10k,standard_adjuster
cla-tr-0094,"I slid into a guardrail 21 days ago and the front of my 2017 Ford F-150 is crushed. Nobody was hurt. The body shop quoted $16,300. Policyholder: Lily Reyes.",collision,no,over_10k,standard_adjuster
cla-tr-0095,"FNOL call notes - insured Maria Singh. Vandals spray-painted their 2021 Tesla Model 3 12 days ago. The body shop quoted $4,450. I just took out this policy 16 days ago.",vandalism,no,2k_to_10k,special_investigations
cla-tr-0096,FNOL call notes - insured Yara Garcia. This morning a stone chipped their windshield and the crack is spreading. Repair estimate is about $450.,glass,no,under_2k,fast_track
cla-tr-0097,"My tires were slashed and mirrors smashed 14 days ago while parked on the street. The shop says roughly $7,250 to fix. Policyholder: Omar Garcia.",vandalism,no,2k_to_10k,standard_adjuster
cla-tr-0098,"A tree branch fell on my 2021 Tesla Model 3 during the storm five days ago. The shop says roughly $37,100 to fix. Policyholder: Diego Haddad.",weather,no,over_10k,standard_adjuster
cla-tr-0099,"FNOL call notes - insured Ben Mensah. Insured slid into a guardrail yesterday and the front of their 2021 Tesla Model 3 is crushed. The other driver complained of chest pain and was taken away by ambulance. Repair estimate is about $3,350.",collision,yes,2k_to_10k,senior_adjuster
cla-tr-0100,"FNOL call notes - insured Omar Silva. Vandals spray-painted their 2019 Honda CR-V three weeks ago. I'd guess the damage is around $7,850. I just took out this policy 20 days ago.",vandalism,no,2k_to_10k,special_investigations
cla-tr-0101,"FNOL call notes - insured Ben Ali. Insured slid into a guardrail three weeks ago and the front of their 2018 Jeep Wrangler is crushed. No injuries, thankfully. The body shop quoted $700. My Granite Shield policy started 12 days ago.",collision,no,under_2k,special_investigations
cla-tr-0102,10 days ago a stone chipped my windshield and the crack is spreading. Repair estimate is about $700. Policyholder: Maria Ali.,glass,no,under_2k,fast_track
cla-tr-0103,"My tires were slashed and mirrors smashed this morning while parked on the street. The body shop quoted $16,100. I've been a Granite Shield customer for 11 years. Policyholder: Rachel Haddad.",vandalism,no,over_10k,standard_adjuster
cla-tr-0104,"FNOL call notes - insured Hannah Murphy. Five days ago another driver ran a stop sign and T-boned their 2021 Tesla Model 3. My neck and back are hurting and I went to urgent care. The body shop quoted $7,950.",collision,yes,2k_to_10k,senior_adjuster
cla-tr-0105,"FNOL call notes - insured Fatima Murphy. Their 2018 Jeep Wrangler was sitting in a flooded parking lot yesterday and water got inside. Repair estimate is about $5,850.",weather,no,2k_to_10k,standard_adjuster
cla-tr-0106,FNOL call notes - insured Hannah Dubois. 21 days ago a stone chipped their windshield and the crack is spreading. I'd guess the damage is around $700. My Granite Shield policy started 5 days ago.,glass,no,under_2k,special_investigations
cla-tr-0107,"FNOL call notes - insured Omar Tanaka. Their 2020 Hyundai Tucson was stolen from their driveway yesterday. Kelley Blue Book value is around $1,100.",theft,no,under_2k,fast_track
cla-tr-0108,"4 days ago a stone chipped my windshield and the crack is spreading. The shop says roughly $1,050 to fix. Policyholder: Rachel Shah.",glass,no,under_2k,fast_track
cla-tr-0109,My 2019 Honda CR-V was sitting in a flooded parking lot 5 days ago and water got inside. The body shop quoted $800. I only switched to Granite Shield 5 days ago. Policyholder: Dev Patel.,weather,no,under_2k,special_investigations
cla-tr-0110,"FNOL call notes - insured Grace Reyes. Their 2023 Kia Telluride was sitting in a flooded parking lot three weeks ago and water got inside. Repair estimate is about $1,250.",weather,no,under_2k,fast_track
cla-tr-0111,10 days ago another driver ran a stop sign and T-boned my 2015 Subaru Outback. Nobody was hurt. Repair estimate is about $700. Policyholder: Kenji Reyes.,collision,no,under_2k,fast_track
cla-tr-0112,"This morning another driver ran a stop sign and T-boned my 2017 Ford F-150. Nobody was hurt. Repair estimate is about $6,600. Policyholder: Ben Okafor.",collision,no,2k_to_10k,standard_adjuster
cla-tr-0113,"Someone merged into my lane on the highway three days ago and sideswiped my 2022 Toyota Camry. No injuries, thankfully. Repair estimate is about $8,550. Policyholder: Mateo Garcia.",collision,no,2k_to_10k,standard_adjuster
cla-tr-0114,"FNOL call notes - insured Hannah Novak. Insured slid into a guardrail three weeks ago and the front of their 2015 Subaru Outback is crushed. No injuries, thankfully. The body shop quoted $3,550. My Granite Shield policy started 16 days ago.",collision,no,2k_to_10k,special_investigations
cla-tr-0115,"5 days ago another driver ran a stop sign and T-boned my 2021 Tesla Model 3. Everyone is fine. The shop says roughly $8,550 to fix. Policyholder: Grace Reyes.",collision,no,2k_to_10k,standard_adjuster
cla-tr-0116,"FNOL call notes - insured Omar Brooks. Four days ago a stone chipped their windshield and the crack is spreading. I'd guess the damage is around $1,300.",glass,no,under_2k,fast_track
cla-tr-0117,A rock hit my windshield on the highway yesterday and it cracked across the driver's side. Repair estimate is about $950. My Granite Shield policy started 5 days ago. Policyholder: Mei Haddad.,glass,no,under_2k,special_investigations
cla-tr-0118,Twelve days ago a stone chipped my windshield and the crack is spreading. Repair estimate is about $350. Policyholder: Luca Larsen.,glass,no,under_2k,fast_track
cla-tr-0119,Three days ago another driver ran a stop sign and T-boned my 2022 Toyota Camry. The other driver complained of chest pain and was taken away by ambulance. The shop says roughly $650 to fix. My Granite Shield policy started 16 days ago. Policyholder: Rachel Dubois.,collision,yes,under_2k,special_investigations
cla-tr-0120,FNOL call notes - insured Hannah Wang. Someone merged into their lane on the highway 5 days ago and sideswiped their 2019 Honda CR-V. I hit my head on the steering wheel and an ambulance took me to the hospital. The body shop quoted $700. Customer since 2014.,collision,yes,under_2k,senior_adjuster
cla-tr-0121,"FNOL call notes - insured Noah Reyes. Insured slid into a guardrail 4 days ago and the front of their 2022 Toyota Camry is crushed. No injuries, thankfully. The body shop quoted $1,050. I just took out this policy 5 days ago.",collision,no,under_2k,special_investigations
cla-tr-0122,"Three weeks ago another driver ran a stop sign and T-boned my 2018 Jeep Wrangler. No injuries, thankfully. The shop says roughly $1,700 to fix. Policyholder: Mei Haddad.",collision,no,under_2k,fast_track
cla-tr-0123,"FNOL call notes - insured Hannah Tanaka. A rock hit their windshield on the highway 4 days ago and it cracked across the driver's side. Repair estimate is about $1,100. Customer since 2018.",glass,no,under_2k,fast_track
cla-tr-0124,"FNOL call notes - insured Diego Singh. Yesterday another driver ran a stop sign and T-boned their 2018 Jeep Wrangler. My passenger broke her wrist and was taken to the ER. The body shop quoted $1,600.",collision,yes,under_2k,senior_adjuster
cla-tr-0125,FNOL call notes - insured Sofia Garcia. A tree branch fell on their 2017 Ford F-150 during the storm 2 days ago. The shop says roughly $950 to fix. I've been a Granite Shield customer for 9 years.,weather,no,under_2k,fast_track
cla-tr-0126,"Vandals spray-painted my 2017 Ford F-150 12 days ago. Repair estimate is about $24,450. Policyholder: Luca Murphy.",vandalism,no,over_10k,standard_adjuster
cla-tr-0127,"I came out of work two days ago and my 2015 Subaru Outback was gone. Police report filed. Kelley Blue Book value is around $1,500. Policyholder: Ibrahim Reyes.",theft,no,under_2k,fast_track
cla-tr-0128,"FNOL call notes - insured Ibrahim Larsen. A rock hit their windshield on the highway 5 days ago and it cracked across the driver's side. The shop says roughly $1,600 to fix.",glass,no,under_2k,fast_track
cla-tr-0129,FNOL call notes - insured Ibrahim Singh. Vandals spray-painted their 2021 Tesla Model 3 yesterday. I'd guess the damage is around $750. I've been a Granite Shield customer for eleven years.,vandalism,no,under_2k,fast_track
cla-tr-0130,"Vandals spray-painted my 2023 Kia Telluride 14 days ago. Repair estimate is about $9,200. Customer since 2009. Policyholder: Kenji Tanaka.",vandalism,no,2k_to_10k,standard_adjuster
cla-tr-0131,"4 days ago another driver ran a stop sign and T-boned my 2019 Honda CR-V. Nobody was hurt. Repair estimate is about $37,650. My Granite Shield policy started 9 days ago. Policyholder: Omar Cohen.",collision,no,over_10k,special_investigations
cla-tr-0132,"My 2017 Ford F-150 was sitting in a flooded parking lot yesterday and water got inside. The body shop quoted $1,050. Policyholder: Diego Garcia.",weather,no,under_2k,fast_track
cla-tr-0133,"FNOL call notes - insured Ben Singh. A tree branch fell on their 2021 Tesla Model 3 during the storm yesterday. The body shop quoted $7,600.",weather,no,2k_to_10k,standard_adjuster
cla-tr-0134,"FNOL call notes - insured Chen Singh. Someone keyed both sides of their 2022 Toyota Camry 3 days ago. I'd guess the damage is around $8,350.",vandalism,no,2k_to_10k,standard_adjuster
cla-tr-0135,"Vandals spray-painted my 2018 Jeep Wrangler two weeks ago. Repair estimate is about $4,950. Policyholder: Omar Garcia.",vandalism,no,2k_to_10k,standard_adjuster
cla-tr-0136,"FNOL call notes - insured Sofia Rossi. A tree branch fell on their 2017 Ford F-150 during the storm yesterday. Repair estimate is about $1,300.",weather,no,under_2k,fast_track
cla-tr-0137,"FNOL call notes - insured Noah Wang. Yesterday a stone chipped their windshield and the crack is spreading. Repair estimate is about $1,300.",glass,no,under_2k,fast_track
cla-tr-0138,"My 2023 Kia Telluride was stolen from my driveway three days ago. Kelley Blue Book value is around $4,450. Customer since 2009. Policyholder: Rachel Novak.",theft,no,2k_to_10k,standard_adjuster
cla-tr-0139,Vandals spray-painted my 2022 Toyota Camry three days ago. The shop says roughly $550 to fix. My Granite Shield policy started 20 days ago. Policyholder: Rachel Novak.,vandalism,no,under_2k,special_investigations
cla-tr-0140,"FNOL call notes - insured Nina Kim. Their rear window on the 2019 Honda CR-V shattered this morning, no other damage. The shop says roughly $500 to fix.",glass,no,under_2k,fast_track
cla-tr-0141,"FNOL call notes - insured Aisha Shah. Someone merged into their lane on the highway 5 days ago and sideswiped their 2015 Subaru Outback. No injuries, thankfully. The shop says roughly $2,950 to fix.",collision,no,2k_to_10k,standard_adjuster
cla-tr-0142,"FNOL call notes - insured Ibrahim Shah. A rock hit their windshield on the highway two weeks ago and it cracked across the driver's side. Repair estimate is about $1,550. I just took out this policy 12 days ago.",glass,no,under_2k,special_investigations
cla-tr-0143,"FNOL call notes - insured Nina Novak. Their tires were slashed and mirrors smashed this morning while parked on the street. The body shop quoted $34,050.",vandalism,no,over_10k,standard_adjuster
cla-tr-0144,"I slid into a guardrail 14 days ago and the front of my 2017 Ford F-150 is crushed. Nobody was hurt. The body shop quoted $6,600. Customer since 2008. Policyholder: Elena Okafor.",collision,no,2k_to_10k,standard_adjuster
cla-tr-0145,"I slid into a guardrail 3 days ago and the front of my 2020 Hyundai Tucson is crushed. Everyone is fine. The body shop quoted $1,600. Policyholder: Samuel Reyes.",collision,no,under_2k,fast_track
cla-tr-0146,"Someone keyed both sides of my 2017 Ford F-150 12 days ago. I'd guess the damage is around $1,200. My Granite Shield policy started 20 days ago. Policyholder: Aisha Larsen.",vandalism,no,under_2k,special_investigations
cla-tr-0147,"FNOL call notes - insured Aisha Reyes. Their tires were slashed and mirrors smashed twelve days ago while parked on the street. Repair estimate is about $8,650. I've been a Granite Shield customer for 7 years.",vandalism,no,2k_to_10k,standard_adjuster
cla-tr-0148,"I came out of work 4 days ago and my 2017 Ford F-150 was gone. Police report filed. Kelley Blue Book value is around $7,400. I've been a Granite Shield customer for 9 years. Policyholder: Priya Novak.",theft,no,2k_to_10k,standard_adjuster
cla-tr-0149,"Hail dented the hood and roof of my 2020 Hyundai Tucson this morning. I'd guess the damage is around $5,750. Customer since 2014. Policyholder: Aisha Ali.",weather,no,2k_to_10k,standard_adjuster
cla-tr-0150,"Four days ago another driver ran a stop sign and T-boned my 2017 Ford F-150. No injuries, thankfully. The shop says roughly $4,500 to fix. Policyholder: Lily Garcia.",collision,no,2k_to_10k,standard_adjuster
cla-tr-0151,"My tires were slashed and mirrors smashed five days ago while parked on the street. The body shop quoted $4,800. I've been a Granite Shield customer for seven years. Policyholder: Aisha Brooks.",vandalism,no,2k_to_10k,standard_adjuster
cla-tr-0152,"A tree branch fell on my 2022 Toyota Camry during the storm 4 days ago. The shop says roughly $36,150 to fix. Customer since 2018. Policyholder: Noah Shah.",weather,no,over_10k,standard_adjuster
cla-tr-0153,4 days ago a stone chipped my windshield and the crack is spreading. The body shop quoted $900. Policyholder: Yara Dubois.,glass,no,under_2k,fast_track
cla-tr-0154,"I slid into a guardrail yesterday and the front of my 2023 Kia Telluride is crushed. Everyone is fine. Repair estimate is about $3,400. Customer since 2013. Policyholder: Sofia Mensah.",collision,no,2k_to_10k,standard_adjuster
cla-tr-0155,"I came out of work five days ago and my 2021 Tesla Model 3 was gone. Police report filed. Kelley Blue Book value is around $3,550. Policyholder: Mei Mensah.",theft,no,2k_to_10k,standard_adjuster
cla-tr-0156,"FNOL call notes - insured Lily Garcia. Someone keyed both sides of their 2015 Subaru Outback 10 days ago. I'd guess the damage is around $9,000.",vandalism,no,2k_to_10k,standard_adjuster
cla-tr-0157,"My rear window on the 2018 Jeep Wrangler shattered 5 days ago, no other damage. The body shop quoted $1,550. Policyholder: Kenji Shah.",glass,no,under_2k,fast_track
cla-tr-0158,"Someone merged into my lane on the highway 3 days ago and sideswiped my 2023 Kia Telluride. No injuries, thankfully. I'd guess the damage is around $1,150. I just took out this policy 9 days ago. Policyholder: Noah Silva.",collision,no,under_2k,special_investigations
cla-tr-0159,Vandals spray-painted my 2019 Honda CR-V five days ago. The shop says roughly $500 to fix. I just took out this policy 5 days ago. Policyholder: Diego Patel.,vandalism,no,under_2k,special_investigations
cla-tr-0160,My 2021 Tesla Model 3 was sitting in a flooded parking lot yesterday and water got inside. The body shop quoted $250. Policyholder: Arjun Singh.,weather,no,under_2k,fast_track
cla-tr-0161,"FNOL call notes - insured Dev Reyes. Their 2018 Jeep Wrangler was stolen from their driveway two days ago. The car is worth about $36,450.",theft,no,over_10k,standard_adjuster
cla-tr-0162,"FNOL call notes - insured Chen Silva. Their 2018 Jeep Wrangler was stolen from their driveway 10 days ago. Kelley Blue Book value is around $32,650. Customer since 2008.",theft,no,over_10k,special_investigations
cla-tr-0163,"Someone keyed both sides of my 2023 Kia Telluride 5 days ago. Repair estimate is about $1,350. Customer since 2022. Policyholder: Priya Reyes.",vandalism,no,under_2k,fast_track
cla-tr-0164,"FNOL call notes - insured Mei Singh. Their 2022 Toyota Camry was stolen from their driveway yesterday. The car is worth about $8,200. I just took out this policy 16 days ago.",theft,no,2k_to_10k,special_investigations
cla-tr-0165,"FNOL call notes - insured Kenji Shah. Hail dented the hood and roof of their 2017 Ford F-150 2 days ago. The body shop quoted $2,750.",weather,no,2k_to_10k,standard_adjuster
cla-tr-0166,"My rear window on the 2022 Toyota Camry shattered three weeks ago, no other damage. The body shop quoted $1,500. Policyholder: Mateo Rossi.",glass,no,under_2k,fast_track
cla-tr-0167,"I slid into a guardrail 2 days ago and the front of my 2017 Ford F-150 is crushed. The body shop quoted $1,350. Policyholder: Noah Novak.",collision,no,under_2k,fast_track
cla-tr-0168,"Someone merged into my lane on the highway 5 days ago and sideswiped my 2021 Tesla Model 3. My neck and back are hurting and I went to urgent care. I'd guess the damage is around $29,650. I've been a Granite Shield customer for six years. Policyholder: Rachel Okafor.",collision,yes,over_10k,senior_adjuster
cla-tr-0169,A rock hit my windshield on the highway 14 days ago and it cracked across the driver's side. The shop says roughly $500 to fix. I just took out this policy 12 days ago. Policyholder: Arjun Wang.,glass,no,under_2k,special_investigations
cla-tr-0170,"FNOL call notes - insured Tom Garcia. Someone broke in and drove off with their 2021 Tesla Model 3 yesterday. The car is worth about $1,450. I've been a Granite Shield customer for 9 years.",theft,no,under_2k,fast_track
cla-tr-0171,"A tree branch fell on my 2022 Toyota Camry during the storm 12 days ago. The body shop quoted $7,000. Policyholder: Camila Cohen.",weather,no,2k_to_10k,standard_adjuster
cla-tr-0172,"Yesterday another driver ran a stop sign and T-boned my 2022 Toyota Camry. Everyone is fine. Repair estimate is about $1,700. I've been a Granite Shield customer for 11 years. Policyholder: Sofia Brooks.",collision,no,under_2k,fast_track
cla-tr-0173,"FNOL call notes - insured Noah Garcia. Insured slid into a guardrail this morning and the front of their 2021 Tesla Model 3 is crushed. No injuries, thankfully. The body shop quoted $5,500.",collision,no,2k_to_10k,standard_adjuster
cla-tr-0174,"FNOL call notes - insured Mei Ali. A rock hit their windshield on the highway 21 days ago and it cracked across the driver's side. The shop says roughly $1,200 to fix. Customer since 2008.",glass,no,under_2k,fast_track
cla-tr-0175,"FNOL call notes - insured Diego Larsen. Insured slid into a guardrail this morning and the front of their 2015 Subaru Outback is crushed. No injuries, thankfully. The body shop quoted $5,750. My Granite Shield policy started 16 days ago.",collision,no,2k_to_10k,special_investigations
cla-tr-0176,"FNOL call notes - insured James Garcia. Their 2015 Subaru Outback was stolen from their driveway yesterday. Kelley Blue Book value is around $35,450.",theft,no,over_10k,standard_adjuster
cla-tr-0177,"FNOL call notes - insured Mateo Tanaka. Two weeks ago another driver ran a stop sign and T-boned their 2020 Hyundai Tucson. Everyone is fine. The body shop quoted $37,550. I only switched to Granite Shield 20 days ago.",collision,no,over_10k,special_investigations
cla-tr-0178,"Yesterday another driver ran a stop sign and T-boned my 2017 Ford F-150. Nobody was hurt. The shop says roughly $30,050 to fix. I've been a Granite Shield customer for 5 years. Policyholder: Lily Patel.",collision,no,over_10k,standard_adjuster
cla-tr-0179,"FNOL call notes - insured Ibrahim Ali. Insured came out of work 3 days ago and their 2018 Jeep Wrangler was gone. Police report filed. The car is worth about $4,000.",theft,no,2k_to_10k,standard_adjuster
cla-tr-0180,"I slid into a guardrail 2 days ago and the front of my 2015 Subaru Outback is crushed. The shop says roughly $1,500 to fix. Customer since 2022. Policyholder: Sofia Garcia.",collision,no,under_2k,fast_track
cla-tr-0181,"I was rear-ended at a red light yesterday in my 2022 Toyota Camry. My neck and back are hurting and I went to urgent care. I'd guess the damage is around $8,450. Customer since 2024. Policyholder: Tom Larsen.",collision,yes,2k_to_10k,senior_adjuster
cla-tr-0182,"Someone merged into my lane on the highway 3 days ago and sideswiped my 2021 Tesla Model 3. Repair estimate is about $4,550. Policyholder: Mei Shah.",collision,no,2k_to_10k,standard_adjuster
cla-tr-0183,"FNOL call notes - insured Rachel Wang. Vandals spray-painted their 2022 Toyota Camry 10 days ago. The body shop quoted $7,300.",vandalism,no,2k_to_10k,standard_adjuster
cla-tr-0184,"FNOL call notes - insured Aisha Haddad. Someone keyed both sides of their 2019 Honda CR-V yesterday. The body shop quoted $3,450. I've been a Granite Shield customer for 10 years.",vandalism,no,2k_to_10k,standard_adjuster
cla-tr-0185,"FNOL call notes - insured Nina Singh. Their rear window on the 2017 Ford F-150 shattered 14 days ago, no other damage. I'd guess the damage is around $1,150.",glass,no,under_2k,fast_track
cla-tr-0186,"FNOL call notes - insured Yara Garcia. Someone merged into their lane on the highway yesterday and sideswiped their 2019 Honda CR-V. Everyone is fine. Repair estimate is about $5,250.",collision,no,2k_to_10k,standard_adjuster
cla-tr-0187,"FNOL call notes - insured Diego Singh. Insured slid into a guardrail 2 days ago and the front of their 2019 Honda CR-V is crushed. The shop says roughly $6,600 to fix.",collision,no,2k_to_10k,standard_adjuster
cla-tr-0188,"FNOL call notes - insured Noah Tanaka. Their 2022 Toyota Camry was sitting in a flooded parking lot three weeks ago and water got inside. The body shop quoted $1,300. I've been a Granite Shield customer for five years.",weather,no,under_2k,fast_track
cla-tr-0189,"My tires were slashed and mirrors smashed 10 days ago while parked on the street. Repair estimate is about $28,350. Policyholder: Maria Novak.",vandalism,no,over_10k,standard_adjuster
cla-tr-0190,"FNOL call notes - insured Mei Singh. 21 days ago another driver ran a stop sign and T-boned their 2019 Honda CR-V. The body shop quoted $17,600. I just took out this policy 16 days ago.",collision,no,over_10k,special_investigations
cla-tr-0191,"FNOL call notes - insured Maria Dubois. Their rear window on the 2015 Subaru Outback shattered 12 days ago, no other damage. I'd guess the damage is around $1,600.",glass,no,under_2k,fast_track
cla-tr-0192,"I slid into a guardrail twelve days ago and the front of my 2023 Kia Telluride is crushed. Nobody was hurt. The shop says roughly $3,900 to fix. I've been a Granite Shield customer for two years. Policyholder: Priya Cohen.",collision,no,2k_to_10k,standard_adjuster
cla-tr-0193,"FNOL call notes - insured Noah Reyes. Insured was rear-ended at a red light five days ago in their 2017 Ford F-150. Everyone is fine. Repair estimate is about $32,450.",collision,no,over_10k,standard_adjuster
cla-tr-0194,Someone merged into my lane on the highway 21 days ago and sideswiped my 2023 Kia Telluride. I hit my head on the steering wheel and an ambulance took me to the hospital. Repair estimate is about $300. Customer since 2010. Policyholder: Maria Haddad.,collision,yes,under_2k,senior_adjuster
cla-tr-0195,FNOL call notes - insured Mateo Garcia. Insured slid into a guardrail two weeks ago and the front of their 2020 Hyundai Tucson is crushed. Nobody was hurt. The shop says roughly $700 to fix.,collision,no,under_2k,fast_track
cla-tr-0196,"FNOL call notes - insured Noah Brooks. Someone merged into their lane on the highway 2 days ago and sideswiped their 2015 Subaru Outback. My passenger broke her wrist and was taken to the ER. Repair estimate is about $1,100. I've been a Granite Shield customer for four years.",collision,yes,under_2k,senior_adjuster
cla-tr-0197,"FNOL call notes - insured Ibrahim Okafor. Their 2022 Toyota Camry was stolen from their driveway three weeks ago. The car is worth about $17,600. I've been a Granite Shield customer for 7 years.",theft,no,over_10k,special_investigations
cla-tr-0198,"A rock hit my windshield on the highway 3 days ago and it cracked across the driver's side. Repair estimate is about $1,050. My Granite Shield policy started 12 days ago. Policyholder: Maria Patel.",glass,no,under_2k,special_investigations
cla-tr-0199,"FNOL call notes - insured Grace Rossi. Someone merged into their lane on the highway 5 days ago and sideswiped their 2015 Subaru Outback. My neck and back are hurting and I went to urgent care. I'd guess the damage is around $8,700.",collision,yes,2k_to_10k,senior_adjuster
cla-tr-0200,"I was rear-ended at a red light yesterday in my 2021 Tesla Model 3. No injuries, thankfully. The shop says roughly $6,550 to fix. I just took out this policy 20 days ago. Policyholder: Noah Dubois.",collision,no,2k_to_10k,special_investigations
cla-tr-0201,"My tires were slashed and mirrors smashed 21 days ago while parked on the street. The shop says roughly $1,350 to fix. Policyholder: Diego Haddad.",vandalism,no,under_2k,fast_track
cla-tr-0202,FNOL call notes - insured Fatima Mensah. Their tires were slashed and mirrors smashed 12 days ago while parked on the street. I'd guess the damage is around $750.,vandalism,no,under_2k,fast_track
cla-tr-0203,"My 2018 Jeep Wrangler was stolen from my driveway yesterday. The car is worth about $24,400. My Granite Shield policy started 20 days ago. Policyholder: Lily Haddad.",theft,no,over_10k,special_investigations
cla-tr-0204,"A rock hit my windshield on the highway 4 days ago and it cracked across the driver's side. The shop says roughly $1,400 to fix. Policyholder: Aisha Silva.",glass,no,under_2k,fast_track
cla-tr-0205,"10 days ago a stone chipped my windshield and the crack is spreading. I'd guess the damage is around $1,550. I only switched to Granite Shield 12 days ago. Policyholder: Nina Murphy.",glass,no,under_2k,special_investigations
cla-tr-0206,"Someone merged into my lane on the highway 3 days ago and sideswiped my 2015 Subaru Outback. I'd guess the damage is around $3,200. Policyholder: Mateo Reyes.",collision,no,2k_to_10k,standard_adjuster
cla-tr-0207,"My 2017 Ford F-150 was sitting in a flooded parking lot 14 days ago and water got inside. I'd guess the damage is around $2,850. I just took out this policy 12 days ago. Policyholder: Omar Larsen.",weather,no,2k_to_10k,special_investigations
cla-tr-0208,"Vandals spray-painted my 2018 Jeep Wrangler three days ago. I'd guess the damage is around $20,400. Policyholder: Hannah Murphy.",vandalism,no,over_10k,standard_adjuster
cla-tr-0209,"FNOL call notes - insured Samuel Murphy. Their 2020 Hyundai Tucson was stolen from their driveway three weeks ago. Kelley Blue Book value is around $1,300. Customer since 2023.",theft,no,under_2k,special_investigations
cla-tr-0210,"Yesterday another driver ran a stop sign and T-boned my 2019 Honda CR-V. No injuries, thankfully. Repair estimate is about $9,150. Policyholder: Arjun Wang.",collision,no,2k_to_10k,standard_adjuster
cla-tr-0211,"FNOL call notes - insured Luca Ali. Insured slid into a guardrail 2 days ago and the front of their 2021 Tesla Model 3 is crushed. Nobody was hurt. The body shop quoted $35,150. I've been a Granite Shield customer for 4 years.",collision,no,over_10k,standard_adjuster
cla-tr-0212,"FNOL call notes - insured Sofia Novak. Insured slid into a guardrail yesterday and the front of their 2017 Ford F-150 is crushed. The body shop quoted $1,350.",collision,no,under_2k,fast_track
cla-tr-0213,FNOL call notes - insured Lily Garcia. Someone keyed both sides of their 2018 Jeep Wrangler 14 days ago. I'd guess the damage is around $700.,vandalism,no,under_2k,fast_track
cla-tr-0214,"I was rear-ended at a red light three days ago in my 2015 Subaru Outback. Nobody was hurt. The shop says roughly $2,800 to fix. I've been a Granite Shield customer for 10 years. Policyholder: Chen Singh.",collision,no,2k_to_10k,standard_adjuster
cla-tr-0215,I came out of work 10 days ago and my 2022 Toyota Camry was gone. Police report filed. Kelley Blue Book value is around $250. Customer since 2013. Policyholder: Lily Rossi.,theft,no,under_2k,special_investigations
cla-tr-0216,FNOL call notes - insured Lily Mensah. Someone broke in and drove off with their 2019 Honda CR-V 2 days ago. The car is worth about $700. Customer since 2012.,theft,no,under_2k,fast_track
cla-tr-0217,"FNOL call notes - insured Chen Garcia. A tree branch fell on their 2020 Hyundai Tucson during the storm this morning. Repair estimate is about $6,400.",weather,no,2k_to_10k,standard_adjuster
cla-tr-0218,"A tree branch fell on my 2022 Toyota Camry during the storm yesterday. Repair estimate is about $7,850. I've been a Granite Shield customer for 4 years. Policyholder: Diego Murphy.",weather,no,2k_to_10k,standard_adjuster
cla-tr-0219,"FNOL call notes - insured Nina Novak. Insured slid into a guardrail three weeks ago and the front of their 2019 Honda CR-V is crushed. My passenger broke her wrist and was taken to the ER. Repair estimate is about $8,900.",collision,yes,2k_to_10k,senior_adjuster
cla-tr-0220,"I slid into a guardrail 2 days ago and the front of my 2022 Toyota Camry is crushed. No injuries, thankfully. The shop says roughly $4,550 to fix. Customer since 2020. Policyholder: Ben Brooks.",collision,no,2k_to_10k,standard_adjuster
cla-tr-0221,"My 2021 Tesla Model 3 was sitting in a flooded parking lot twelve days ago and water got inside. Repair estimate is about $1,000. Policyholder: Luca Cohen.",weather,no,under_2k,fast_track
cla-tr-0222,"Hail dented the hood and roof of my 2017 Ford F-150 yesterday. The body shop quoted $1,050. Policyholder: Hannah Patel.",weather,no,under_2k,fast_track
cla-tr-0223,"FNOL call notes - insured Sofia Tanaka. Their 2021 Tesla Model 3 was sitting in a flooded parking lot three days ago and water got inside. The body shop quoted $4,700. Customer since 2009.",weather,no,2k_to_10k,standard_adjuster
cla-tr-0224,"A tree branch fell on my 2017 Ford F-150 during the storm 5 days ago. The shop says roughly $1,200 to fix. Policyholder: Mateo Dubois.",weather,no,under_2k,fast_track
cla-tr-0225,FNOL call notes - insured Nina Rossi. Someone broke in and drove off with their 2017 Ford F-150 three weeks ago. The car is worth about $550. Customer since 2008.,theft,no,under_2k,special_investigations
cla-tr-0226,"My tires were slashed and mirrors smashed 5 days ago while parked on the street. The shop says roughly $39,900 to fix. I only switched to Granite Shield 20 days ago. Policyholder: Priya Ali.",vandalism,no,over_10k,special_investigations
cla-tr-0227,"FNOL call notes - insured Mei Rossi. A tree branch fell on their 2022 Toyota Camry during the storm this morning. Repair estimate is about $4,000.",weather,no,2k_to_10k,standard_adjuster
cla-tr-0228,"FNOL call notes - insured Maria Reyes. Insured came out of work four days ago and their 2015 Subaru Outback was gone. Police report filed. The car is worth about $6,300. I've been a Granite Shield customer for two years.",theft,no,2k_to_10k,standard_adjuster
cla-tr-0229,"Someone merged into my lane on the highway ten days ago and sideswiped my 2017 Ford F-150. Nobody was hurt. Repair estimate is about $1,150. Policyholder: Chen Rossi.",collision,no,under_2k,fast_track
cla-tr-0230,"FNOL call notes - insured Dev Wang. Someone broke in and drove off with their 2021 Tesla Model 3 yesterday. Kelley Blue Book value is around $4,400. Customer since 2016.",theft,no,2k_to_10k,standard_adjuster
cla-tr-0231,"FNOL call notes - insured Omar Ali. Insured slid into a guardrail 10 days ago and the front of their 2020 Hyundai Tucson is crushed. No injuries, thankfully. I'd guess the damage is around $17,100.",collision,no,over_10k,standard_adjuster
cla-tr-0232,"Someone merged into my lane on the highway this morning and sideswiped my 2017 Ford F-150. My neck and back are hurting and I went to urgent care. Repair estimate is about $1,350. Policyholder: Yara Garcia.",collision,yes,under_2k,senior_adjuster
cla-tr-0233,"My rear window on the 2018 Jeep Wrangler shattered three days ago, no other damage. The shop says roughly $1,450 to fix. Policyholder: Chen Patel.",glass,no,under_2k,fast_track
cla-tr-0234,"Someone keyed both sides of my 2023 Kia Telluride this morning. Repair estimate is about $5,600. Policyholder: Ibrahim Reyes.",vandalism,no,2k_to_10k,standard_adjuster
cla-tr-0235,"FNOL call notes - insured Grace Silva. This morning another driver ran a stop sign and T-boned their 2018 Jeep Wrangler. My passenger broke her wrist and was taken to the ER. Repair estimate is about $1,650. Customer since 2014.",collision,yes,under_2k,senior_adjuster
cla-tr-0236,A rock hit my windshield on the highway 12 days ago and it cracked across the driver's side. The body shop quoted $550. Policyholder: Samuel Larsen.,glass,no,under_2k,fast_track
cla-tr-0237,"FNOL call notes - insured Ben Silva. Insured was rear-ended at a red light ten days ago in their 2021 Tesla Model 3. Everyone is fine. I'd guess the damage is around $5,200.",collision,no,2k_to_10k,standard_adjuster
cla-tr-0238,FNOL call notes - insured Camila Cohen. Insured was rear-ended at a red light two days ago in their 2022 Toyota Camry. Repair estimate is about $450. Customer since 2014.,collision,no,under_2k,fast_track
cla-tr-0239,"FNOL call notes - insured Sofia Haddad. Insured slid into a guardrail ten days ago and the front of their 2015 Subaru Outback is crushed. My neck and back are hurting and I went to urgent care. Repair estimate is about $38,200.",collision,yes,over_10k,senior_adjuster
cla-tr-0240,FNOL call notes - insured Kenji Tanaka. Someone broke in and drove off with their 2021 Tesla Model 3 4 days ago. The car is worth about $500. I just took out this policy 16 days ago.,theft,no,under_2k,special_investigations
cla-tr-0241,"FNOL call notes - insured Zara Reyes. Their 2021 Tesla Model 3 was stolen from their driveway 4 days ago. The car is worth about $19,700. Customer since 2016.",theft,no,over_10k,standard_adjuster
cla-tr-0242,"Someone keyed both sides of my 2017 Ford F-150 three days ago. Repair estimate is about $8,650. Policyholder: Hannah Novak.",vandalism,no,2k_to_10k,standard_adjuster
cla-tr-0243,"FNOL call notes - insured Lily Haddad. Insured was rear-ended at a red light two days ago in their 2015 Subaru Outback. Nobody was hurt. The body shop quoted $4,750. Customer since 2012.",collision,no,2k_to_10k,standard_adjuster
cla-tr-0244,"FNOL call notes - insured Aisha Silva. Insured came out of work five days ago and their 2020 Hyundai Tucson was gone. Police report filed. Kelley Blue Book value is around $1,450.",theft,no,under_2k,fast_track
cla-tr-0245,"FNOL call notes - insured Chen Patel. Insured came out of work ten days ago and their 2015 Subaru Outback was gone. Police report filed. The car is worth about $8,900.",theft,no,2k_to_10k,special_investigations
cla-tr-0246,"FNOL call notes - insured Mei Reyes. Their 2015 Subaru Outback was sitting in a flooded parking lot two days ago and water got inside. I'd guess the damage is around $5,200.",weather,no,2k_to_10k,standard_adjuster
cla-tr-0247,"Someone merged into my lane on the highway 2 days ago and sideswiped my 2021 Tesla Model 3. Everyone is fine. The body shop quoted $5,050. Customer since 2022. Policyholder: Chen Garcia.",collision,no,2k_to_10k,standard_adjuster
cla-tr-0248,"FNOL call notes - insured Nina Dubois. 5 days ago a stone chipped their windshield and the crack is spreading. The shop says roughly $1,650 to fix. Customer since 2024.",glass,no,under_2k,fast_track
cla-tr-0249,"My 2021 Tesla Model 3 was sitting in a flooded parking lot 4 days ago and water got inside. The body shop quoted $8,350. Customer since 2019. Policyholder: Hannah Okafor.",weather,no,2k_to_10k,standard_adjuster
cla-tr-0250,"I was rear-ended at a red light three days ago in my 2015 Subaru Outback. My passenger broke her wrist and was taken to the ER. Repair estimate is about $1,200. I've been a Granite Shield customer for 1 years. Policyholder: Lily Murphy.",collision,yes,under_2k,senior_adjuster
cla-tr-0251,"Three days ago another driver ran a stop sign and T-boned my 2022 Toyota Camry. No injuries, thankfully. The body shop quoted $750. I just took out this policy 9 days ago. Policyholder: Arjun Singh.",collision,no,under_2k,special_investigations
cla-tr-0252,"FNOL call notes - insured Ben Ali. A tree branch fell on their 2020 Hyundai Tucson during the storm 10 days ago. Repair estimate is about $4,800. I've been a Granite Shield customer for ten years.",weather,no,2k_to_10k,standard_adjuster
cla-tr-0253,A tree branch fell on my 2019 Honda CR-V during the storm yesterday. Repair estimate is about $500. Policyholder: Zara Kim.,weather,no,under_2k,fast_track
cla-tr-0254,Hail dented the hood and roof of my 2023 Kia Telluride 5 days ago. I'd guess the damage is around $800. Policyholder: Chen Rossi.,weather,no,under_2k,fast_track
cla-tr-0255,"Someone broke in and drove off with my 2022 Toyota Camry three days ago. The car is worth about $8,500. I've been a Granite Shield customer for three years. Policyholder: Sofia Haddad.",theft,no,2k_to_10k,standard_adjuster
cla-tr-0256,My tires were slashed and mirrors smashed yesterday while parked on the street. I'd guess the damage is around $400. Policyholder: Olu Tanaka.,vandalism,no,under_2k,fast_track
cla-tr-0257,"FNOL call notes - insured Nina Larsen. Insured was rear-ended at a red light 21 days ago in their 2020 Hyundai Tucson. Everyone is fine. I'd guess the damage is around $1,600.",collision,no,under_2k,fast_track
cla-tr-0258,"FNOL call notes - insured Hannah Dubois. Insured was rear-ended at a red light 12 days ago in their 2017 Ford F-150. My neck and back are hurting and I went to urgent care. I'd guess the damage is around $1,650.",collision,yes,under_2k,senior_adjuster
cla-tr-0259,FNOL call notes - insured Omar Murphy. Five days ago another driver ran a stop sign and T-boned their 2023 Kia Telluride. Nobody was hurt. The shop says roughly $300 to fix.,collision,no,under_2k,fast_track
cla-tr-0260,"FNOL call notes - insured Mei Singh. A rock hit their windshield on the highway 21 days ago and it cracked across the driver's side. The body shop quoted $1,250. I've been a Granite Shield customer for 8 years.",glass,no,under_2k,fast_track
cla-tr-0261,"FNOL call notes - insured Sofia Larsen. A rock hit their windshield on the highway 4 days ago and it cracked across the driver's side. Repair estimate is about $1,350.",glass,no,under_2k,fast_track
cla-tr-0262,"My 2022 Toyota Camry was stolen from my driveway two days ago. Kelley Blue Book value is around $21,900. I only switched to Granite Shield 20 days ago. Policyholder: Aisha Wang.",theft,no,over_10k,special_investigations
cla-tr-0263,"FNOL call notes - insured Arjun Cohen. Someone merged into their lane on the highway yesterday and sideswiped their 2020 Hyundai Tucson. The shop says roughly $1,300 to fix. I just took out this policy 12 days ago.",collision,no,under_2k,special_investigations
cla-tr-0264,"Someone broke in and drove off with my 2018 Jeep Wrangler two weeks ago. Kelley Blue Book value is around $44,800. Policyholder: Noah Brooks.",theft,no,over_10k,special_investigations
cla-tr-0265,FNOL call notes - insured Noah Wang. 21 days ago a stone chipped their windshield and the crack is spreading. I'd guess the damage is around $750. I've been a Granite Shield customer for one years.,glass,no,under_2k,fast_track
cla-tr-0266,"I came out of work ten days ago and my 2021 Tesla Model 3 was gone. Police report filed. Kelley Blue Book value is around $1,700. Policyholder: Chen Wang.",theft,no,under_2k,special_investigations
cla-tr-0267,I slid into a guardrail 3 days ago and the front of my 2023 Kia Telluride is crushed. I hit my head on the steering wheel and an ambulance took me to the hospital. Repair estimate is about $250. Policyholder: Fatima Reyes.,collision,yes,under_2k,senior_adjuster
cla-tr-0268,"FNOL call notes - insured Ibrahim Silva. Their tires were slashed and mirrors smashed three days ago while parked on the street. The shop says roughly $1,600 to fix. I've been a Granite Shield customer for ten years.",vandalism,no,under_2k,fast_track
cla-tr-0269,"FNOL call notes - insured Samuel Okafor. Insured came out of work yesterday and their 2018 Jeep Wrangler was gone. Police report filed. The car is worth about $37,450.",theft,no,over_10k,standard_adjuster
cla-tr-0270,"FNOL call notes - insured Camila Larsen. Their rear window on the 2020 Hyundai Tucson shattered ten days ago, no other damage. The body shop quoted $1,650. Customer since 2015.",glass,no,under_2k,fast_track
cla-tr-0271,"My 2021 Tesla Model 3 was sitting in a flooded parking lot yesterday and water got inside. The shop says roughly $1,400 to fix. Policyholder: Zara Silva.",weather,no,under_2k,fast_track
cla-tr-0272,"FNOL call notes - insured Chen Wang. Their tires were slashed and mirrors smashed 2 days ago while parked on the street. I'd guess the damage is around $16,850. I only switched to Granite Shield 5 days ago.",vandalism,no,over_10k,special_investigations
cla-tr-0273,"My 2015 Subaru Outback was sitting in a flooded parking lot yesterday and water got inside. I'd guess the damage is around $5,500. Customer since 2023. Policyholder: Grace Okafor.",weather,no,2k_to_10k,standard_adjuster
cla-tr-0274,"Someone broke in and drove off with my 2022 Toyota Camry 5 days ago. The car is worth about $1,350. I've been a Granite Shield customer for two years. Policyholder: Ibrahim Okafor.",theft,no,under_2k,fast_track
cla-tr-0275,Vandals spray-painted my 2019 Honda CR-V five days ago. Repair estimate is about $600. I only switched to Granite Shield 20 days ago. Policyholder: Olu Garcia.,vandalism,no,under_2k,special_investigations
cla-tr-0276,"FNOL call notes - insured Lily Garcia. A rock hit their windshield on the highway 2 days ago and it cracked across the driver's side. Repair estimate is about $1,550.",glass,no,under_2k,fast_track
cla-tr-0277,"My 2019 Honda CR-V was sitting in a flooded parking lot yesterday and water got inside. The shop says roughly $9,150 to fix. Customer since 2024. Policyholder: Hannah Larsen.",weather,no,2k_to_10k,standard_adjuster
cla-tr-0278,Someone broke in and drove off with my 2019 Honda CR-V 2 days ago. Kelley Blue Book value is around $800. Customer since 2009. Policyholder: Olu Cohen.,theft,no,under_2k,fast_track
cla-tr-0279,"I slid into a guardrail three days ago and the front of my 2017 Ford F-150 is crushed. No injuries, thankfully. The shop says roughly $1,650 to fix. Customer since 2009. Policyholder: Nina Cohen.",collision,no,under_2k,fast_track
cla-tr-0280,"Someone merged into my lane on the highway this morning and sideswiped my 2021 Tesla Model 3. Nobody was hurt. The shop says roughly $8,650 to fix. I've been a Granite Shield customer for 9 years. Policyholder: Elena Reyes.",collision,no,2k_to_10k,standard_adjuster
cla-tr-0281,"FNOL call notes - insured Ibrahim Brooks. Their 2023 Kia Telluride was stolen from their driveway 21 days ago. Kelley Blue Book value is around $7,500. Customer since 2016.",theft,no,2k_to_10k,special_investigations
cla-tr-0282,Someone broke in and drove off with my 2018 Jeep Wrangler two weeks ago. Kelley Blue Book value is around $400. Policyholder: Rachel Reyes.,theft,no,under_2k,special_investigations
cla-tr-0283,"My 2019 Honda CR-V was stolen from my driveway yesterday. Kelley Blue Book value is around $23,100. Policyholder: Grace Larsen.",theft,no,over_10k,standard_adjuster
cla-tr-0284,"My 2017 Ford F-150 was sitting in a flooded parking lot 12 days ago and water got inside. The body shop quoted $7,200. Policyholder: Hannah Dubois.",weather,no,2k_to_10k,standard_adjuster
cla-tr-0285,"FNOL call notes - insured Chen Shah. Yesterday another driver ran a stop sign and T-boned their 2015 Subaru Outback. No injuries, thankfully. I'd guess the damage is around $1,450.",collision,no,under_2k,fast_track
cla-tr-0286,"My 2015 Subaru Outback was sitting in a flooded parking lot three days ago and water got inside. The body shop quoted $8,950. I've been a Granite Shield customer for 3 years. Policyholder: Kenji Wang.",weather,no,2k_to_10k,standard_adjuster
cla-tr-0287,FNOL call notes - insured Noah Brooks. A rock hit their windshield on the highway 10 days ago and it cracked across the driver's side. Repair estimate is about $650. Customer since 2022.,glass,no,under_2k,fast_track
cla-tr-0288,Yesterday another driver ran a stop sign and T-boned my 2020 Hyundai Tucson. Everyone is fine. Repair estimate is about $300. Policyholder: Dev Garcia.,collision,no,under_2k,fast_track
cla-tr-0289,"Yesterday a stone chipped my windshield and the crack is spreading. The shop says roughly $1,350 to fix. I've been a Granite Shield customer for 5 years. Policyholder: Chen Shah.",glass,no,under_2k,fast_track
cla-tr-0290,"FNOL call notes - insured Samuel Reyes. 2 days ago another driver ran a stop sign and T-boned their 2018 Jeep Wrangler. My neck and back are hurting and I went to urgent care. The shop says roughly $37,200 to fix.",collision,yes,over_10k,senior_adjuster
cla-tr-0291,"Someone broke in and drove off with my 2020 Hyundai Tucson 4 days ago. Kelley Blue Book value is around $5,900. I only switched to Granite Shield 16 days ago. Policyholder: Yara Wang.",theft,no,2k_to_10k,special_investigations
cla-tr-0292,"Someone merged into my lane on the highway yesterday and sideswiped my 2023 Kia Telluride. The shop says roughly $1,300 to fix. Policyholder: Olu Wang.",collision,no,under_2k,fast_track
cla-tr-0293,"My 2015 Subaru Outback was sitting in a flooded parking lot 4 days ago and water got inside. The shop says roughly $1,450 to fix. Policyholder: Maria Novak.",weather,no,under_2k,fast_track
cla-tr-0294,"I slid into a guardrail 14 days ago and the front of my 2019 Honda CR-V is crushed. Nobody was hurt. I'd guess the damage is around $1,550. Policyholder: Omar Haddad.",collision,no,under_2k,fast_track
cla-tr-0295,"FNOL call notes - insured Rachel Garcia. Insured slid into a guardrail this morning and the front of their 2023 Kia Telluride is crushed. My passenger broke her wrist and was taken to the ER. The shop says roughly $34,400 to fix.",collision,yes,over_10k,senior_adjuster
cla-tr-0296,"I was rear-ended at a red light 12 days ago in my 2018 Jeep Wrangler. Nobody was hurt. The body shop quoted $5,000. Policyholder: Luca Singh.",collision,no,2k_to_10k,standard_adjuster
cla-tr-0297,"Someone broke in and drove off with my 2021 Tesla Model 3 two weeks ago. Kelley Blue Book value is around $3,700. Customer since 2009. Policyholder: Chen Reyes.",theft,no,2k_to_10k,special_investigations
cla-tr-0298,Someone broke in and drove off with my 2018 Jeep Wrangler three weeks ago. Kelley Blue Book value is around $850. Policyholder: Yara Singh.,theft,no,under_2k,special_investigations
cla-tr-0299,"Hail dented the hood and roof of my 2019 Honda CR-V 10 days ago. Repair estimate is about $21,200. I just took out this policy 9 days ago. Policyholder: Ibrahim Okafor.",weather,no,over_10k,special_investigations
cla-tr-0300,FNOL call notes - insured Lily Murphy. Insured was rear-ended at a red light 10 days ago in their 2021 Tesla Model 3. My passenger broke her wrist and was taken to the ER. Repair estimate is about $400.,collision,yes,under_2k,senior_adjuster
cla-tr-0301,"FNOL call notes - insured Omar Silva. Their rear window on the 2018 Jeep Wrangler shattered 14 days ago, no other damage. The body shop quoted $350. I just took out this policy 5 days ago.",glass,no,under_2k,special_investigations
cla-tr-0302,"FNOL call notes - insured Zara Brooks. Yesterday a stone chipped their windshield and the crack is spreading. Repair estimate is about $1,150. I've been a Granite Shield customer for 7 years.",glass,no,under_2k,fast_track
cla-tr-0303,"FNOL call notes - insured Grace Brooks. Insured slid into a guardrail 12 days ago and the front of their 2023 Kia Telluride is crushed. The body shop quoted $1,650.",collision,no,under_2k,fast_track
cla-tr-0304,"FNOL call notes - insured Yara Garcia. Their rear window on the 2018 Jeep Wrangler shattered yesterday, no other damage. The shop says roughly $1,350 to fix.",glass,no,under_2k,fast_track
cla-tr-0305,"FNOL call notes - insured Olu Novak. Yesterday another driver ran a stop sign and T-boned their 2023 Kia Telluride. The body shop quoted $1,600. I've been a Granite Shield customer for eleven years.",collision,no,under_2k,fast_track
cla-tr-0306,"I slid into a guardrail five days ago and the front of my 2019 Honda CR-V is crushed. Everyone is fine. Repair estimate is about $3,600. Policyholder: Noah Shah.",collision,no,2k_to_10k,standard_adjuster
cla-tr-0307,"FNOL call notes - insured Luca Rossi. Insured was rear-ended at a red light two days ago in their 2019 Honda CR-V. My passenger broke her wrist and was taken to the ER. Repair estimate is about $3,150.",collision,yes,2k_to_10k,senior_adjuster
cla-tr-0308,"I was rear-ended at a red light ten days ago in my 2017 Ford F-150. No injuries, thankfully. Repair estimate is about $39,750. I've been a Granite Shield customer for 12 years. Policyholder: Fatima Brooks.",collision,no,over_10k,standard_adjuster
cla-tr-0309,"FNOL call notes - insured Ibrahim Haddad. Insured slid into a guardrail ten days ago and the front of their 2019 Honda CR-V is crushed. I hit my head on the steering wheel and an ambulance took me to the hospital. Repair estimate is about $36,600. My Granite Shield policy started 12 days ago.",collision,yes,over_10k,special_investigations
cla-tr-0310,"A rock hit my windshield on the highway ten days ago and it cracked across the driver's side. The shop says roughly $1,350 to fix. Policyholder: Priya Patel.",glass,no,under_2k,fast_track
cla-tr-0311,"FNOL call notes - insured Dev Tanaka. Someone merged into their lane on the highway five days ago and sideswiped their 2015 Subaru Outback. Repair estimate is about $5,050. I've been a Granite Shield customer for 3 years.",collision,no,2k_to_10k,standard_adjuster
cla-tr-0312,4 days ago a stone chipped my windshield and the crack is spreading. I'd guess the damage is around $550. Policyholder: Diego Wang.,glass,no,under_2k,fast_track
cla-tr-0313,"I came out of work ten days ago and my 2020 Hyundai Tucson was gone. Police report filed. Kelley Blue Book value is around $1,250. Policyholder: Luca Silva.",theft,no,under_2k,special_investigations
cla-tr-0314,"FNOL call notes - insured Sofia Okafor. Insured came out of work yesterday and their 2023 Kia Telluride was gone. Police report filed. Kelley Blue Book value is around $29,850. I just took out this policy 20 days ago.",theft,no,over_10k,special_investigations
cla-tr-0315,"FNOL call notes - insured Kenji Ali. Insured slid into a guardrail 10 days ago and the front of their 2019 Honda CR-V is crushed. Everyone is fine. I'd guess the damage is around $1,450. I've been a Granite Shield customer for four years.",collision,no,under_2k,fast_track
cla-tr-0316,"FNOL call notes - insured Ibrahim Cohen. Their 2023 Kia Telluride was stolen from their driveway 14 days ago. Kelley Blue Book value is around $1,700.",theft,no,under_2k,special_investigations
cla-tr-0317,FNOL call notes - insured Olu Mensah. A rock hit their windshield on the highway 5 days ago and it cracked across the driver's side. I'd guess the damage is around $950.,glass,no,under_2k,fast_track
cla-tr-0318,"I slid into a guardrail twelve days ago and the front of my 2017 Ford F-150 is crushed. My neck and back are hurting and I went to urgent care. The shop says roughly $3,750 to fix. Policyholder: Aisha Brooks.",collision,yes,2k_to_10k,senior_adjuster
cla-tr-0319,"FNOL call notes - insured Mei Singh. Someone broke in and drove off with their 2021 Tesla Model 3 three days ago. The car is worth about $8,350. Customer since 2011.",theft,no,2k_to_10k,standard_adjuster
cla-tr-0320,I slid into a guardrail three days ago and the front of my 2021 Tesla Model 3 is crushed. My neck and back are hurting and I went to urgent care. The shop says roughly $900 to fix. Policyholder: Ibrahim Silva.,collision,yes,under_2k,senior_adjuster
cla-tr-0321,"FNOL call notes - insured Ibrahim Mensah. Their tires were slashed and mirrors smashed two days ago while parked on the street. The body shop quoted $1,450.",vandalism,no,under_2k,fast_track
cla-tr-0322,"FNOL call notes - insured Grace Patel. A tree branch fell on their 2023 Kia Telluride during the storm twelve days ago. I'd guess the damage is around $4,050. My Granite Shield policy started 9 days ago.",weather,no,2k_to_10k,special_investigations
cla-tr-0323,"I slid into a guardrail two weeks ago and the front of my 2015 Subaru Outback is crushed. The other driver complained of chest pain and was taken away by ambulance. I'd guess the damage is around $5,050. Policyholder: Ibrahim Mensah.",collision,yes,2k_to_10k,senior_adjuster
cla-tr-0324,"My tires were slashed and mirrors smashed 14 days ago while parked on the street. I'd guess the damage is around $16,900. Policyholder: Nina Ali.",vandalism,no,over_10k,standard_adjuster
cla-tr-0325,"A rock hit my windshield on the highway yesterday and it cracked across the driver's side. I'd guess the damage is around $1,500. Policyholder: Diego Murphy.",glass,no,under_2k,fast_track
cla-tr-0326,"Someone merged into my lane on the highway 5 days ago and sideswiped my 2019 Honda CR-V. No injuries, thankfully. I'd guess the damage is around $1,050. I just took out this policy 12 days ago. Policyholder: Maria Murphy.",collision,no,under_2k,special_investigations
cla-tr-0327,FNOL call notes - insured Ibrahim Tanaka. Someone merged into their lane on the highway 12 days ago and sideswiped their 2015 Subaru Outback. My passenger broke her wrist and was taken to the ER. The shop says roughly $950 to fix. Customer since 2017.,collision,yes,under_2k,senior_adjuster
cla-tr-0328,"FNOL call notes - insured Omar Silva. Someone keyed both sides of their 2020 Hyundai Tucson five days ago. Repair estimate is about $7,400. I only switched to Granite Shield 20 days ago.",vandalism,no,2k_to_10k,special_investigations
cla-tr-0329,"FNOL call notes - insured Noah Haddad. 21 days ago another driver ran a stop sign and T-boned their 2021 Tesla Model 3. Nobody was hurt. The body shop quoted $1,100. Customer since 2020.",collision,no,under_2k,fast_track
cla-tr-0330,"FNOL call notes - insured Priya Novak. Someone broke in and drove off with their 2018 Jeep Wrangler two days ago. The car is worth about $1,700.",theft,no,under_2k,fast_track
cla-tr-0331,"FNOL call notes - insured Ben Larsen. A rock hit their windshield on the highway four days ago and it cracked across the driver's side. Repair estimate is about $1,100. Customer since 2013.",glass,no,under_2k,fast_track
cla-tr-0332,"FNOL call notes - insured Nina Reyes. Someone merged into their lane on the highway yesterday and sideswiped their 2021 Tesla Model 3. No injuries, thankfully. The shop says roughly $7,350 to fix. I've been a Granite Shield customer for seven years.",collision,no,2k_to_10k,standard_adjuster
cla-tr-0333,"Someone broke in and drove off with my 2015 Subaru Outback four days ago. Kelley Blue Book value is around $39,250. Customer since 2009. Policyholder: Arjun Dubois.",theft,no,over_10k,standard_adjuster
cla-tr-0334,"I was rear-ended at a red light 12 days ago in my 2015 Subaru Outback. No injuries, thankfully. I'd guess the damage is around $3,750. Customer since 2023. Policyholder: Yara Tanaka.",collision,no,2k_to_10k,standard_adjuster
cla-tr-0335,FNOL call notes - insured Elena Larsen. Five days ago another driver ran a stop sign and T-boned their 2023 Kia Telluride. Repair estimate is about $450.,collision,no,under_2k,fast_track
cla-tr-0336,FNOL call notes - insured Camila Okafor. Five days ago another driver ran a stop sign and T-boned their 2023 Kia Telluride. I hit my head on the steering wheel and an ambulance took me to the hospital. The shop says roughly $800 to fix.,collision,yes,under_2k,senior_adjuster
cla-tr-0337,I came out of work three days ago and my 2021 Tesla Model 3 was gone. Police report filed. The car is worth about $700. Policyholder: Lily Garcia.,theft,no,under_2k,fast_track
cla-tr-0338,"Someone broke in and drove off with my 2022 Toyota Camry 21 days ago. Kelley Blue Book value is around $38,150. Policyholder: Hannah Silva.",theft,no,over_10k,special_investigations
cla-tr-0339,"FNOL call notes - insured Camila Ali. Insured was rear-ended at a red light 14 days ago in their 2018 Jeep Wrangler. I hit my head on the steering wheel and an ambulance took me to the hospital. I'd guess the damage is around $1,100. Customer since 2013.",collision,yes,under_2k,senior_adjuster
cla-tr-0340,"FNOL call notes - insured Tom Singh. Insured was rear-ended at a red light ten days ago in their 2022 Toyota Camry. Nobody was hurt. I'd guess the damage is around $7,650. Customer since 2022.",collision,no,2k_to_10k,standard_adjuster
cla-tr-0341,"FNOL call notes - insured Fatima Dubois. Insured came out of work 14 days ago and their 2018 Jeep Wrangler was gone. Police report filed. The car is worth about $30,400.",theft,no,over_10k,special_investigations
cla-tr-0342,"My rear window on the 2022 Toyota Camry shattered five days ago, no other damage. The shop says roughly $950 to fix. I've been a Granite Shield customer for five years. Policyholder: Ibrahim Reyes.",glass,no,under_2k,fast_track
cla-tr-0343,"My 2019 Honda CR-V was stolen from my driveway 10 days ago. Kelley Blue Book value is around $1,450. Customer since 2018. Policyholder: Kenji Dubois.",theft,no,under_2k,special_investigations
cla-tr-0344,"I slid into a guardrail 21 days ago and the front of my 2015 Subaru Outback is crushed. My neck and back are hurting and I went to urgent care. I'd guess the damage is around $5,050. Policyholder: Sofia Tanaka.",collision,yes,2k_to_10k,senior_adjuster
cla-tr-0345,"My tires were slashed and mirrors smashed 4 days ago while parked on the street. The shop says roughly $4,150 to fix. Policyholder: Ibrahim Wang.",vandalism,no,2k_to_10k,standard_adjuster
cla-tr-0346,"My 2022 Toyota Camry was stolen from my driveway this morning. The car is worth about $8,550. Policyholder: Zara Cohen.",theft,no,2k_to_10k,standard_adjuster
cla-tr-0347,A rock hit my windshield on the highway 12 days ago and it cracked across the driver's side. The shop says roughly $950 to fix. I've been a Granite Shield customer for 3 years. Policyholder: Maria Okafor.,glass,no,under_2k,fast_track
cla-tr-0348,"My rear window on the 2021 Tesla Model 3 shattered ten days ago, no other damage. The body shop quoted $1,000. Policyholder: Fatima Garcia.",glass,no,under_2k,fast_track
cla-tr-0349,"FNOL call notes - insured Sofia Larsen. Insured was rear-ended at a red light this morning in their 2021 Tesla Model 3. The other driver complained of chest pain and was taken away by ambulance. The shop says roughly $5,900 to fix. I only switched to Granite Shield 20 days ago.",collision,yes,2k_to_10k,special_investigations
cla-tr-0350,"I was rear-ended at a red light 3 days ago in my 2015 Subaru Outback. My neck and back are hurting and I went to urgent care. The shop says roughly $4,550 to fix. Policyholder: Elena Rossi.",collision,yes,2k_to_10k,senior_adjuster
cla-tr-0351,"I came out of work 3 days ago and my 2022 Toyota Camry was gone. Police report filed. The car is worth about $4,750. Policyholder: Tom Okafor.",theft,no,2k_to_10k,standard_adjuster
cla-tr-0352,FNOL call notes - insured Rachel Murphy. Someone keyed both sides of their 2019 Honda CR-V ten days ago. Repair estimate is about $450.,vandalism,no,under_2k,fast_track
cla-tr-0353,"FNOL call notes - insured Camila Kim. Insured was rear-ended at a red light five days ago in their 2023 Kia Telluride. The other driver complained of chest pain and was taken away by ambulance. Repair estimate is about $5,050.",collision,yes,2k_to_10k,senior_adjuster
cla-tr-0354,5 days ago a stone chipped my windshield and the crack is spreading. The shop says roughly $300 to fix. Policyholder: Rachel Wang.,glass,no,under_2k,fast_track
cla-tr-0355,FNOL call notes - insured Dev Mensah. A tree branch fell on their 2018 Jeep Wrangler during the storm 12 days ago. Repair estimate is about $450.,weather,no,under_2k,fast_track
cla-tr-0356,"FNOL call notes - insured Ibrahim Rossi. Someone broke in and drove off with their 2022 Toyota Camry 14 days ago. The car is worth about $6,900. I just took out this policy 20 days ago.",theft,no,2k_to_10k,special_investigations
cla-tr-0357,"FNOL call notes - insured Hannah Singh. Someone keyed both sides of their 2015 Subaru Outback 2 days ago. Repair estimate is about $9,200. I've been a Granite Shield customer for 1 years.",vandalism,no,2k_to_10k,standard_adjuster
cla-tr-0358,"FNOL call notes - insured Noah Novak. Insured came out of work 14 days ago and their 2017 Ford F-150 was gone. Police report filed. Kelley Blue Book value is around $7,300. Customer since 2022.",theft,no,2k_to_10k,special_investigations
cla-tr-0359,Yesterday a stone chipped my windshield and the crack is spreading. The shop says roughly $750 to fix. Policyholder: Tom Novak.,glass,no,under_2k,fast_track
cla-tr-0360,"FNOL call notes - insured Kenji Ali. A tree branch fell on their 2019 Honda CR-V during the storm three weeks ago. The shop says roughly $21,000 to fix.",weather,no,over_10k,standard_adjuster
cla-tr-0361,"FNOL call notes - insured James Shah. Their tires were slashed and mirrors smashed yesterday while parked on the street. The shop says roughly $4,650 to fix. I've been a Granite Shield customer for 12 years.",vandalism,no,2k_to_10k,standard_adjuster
cla-tr-0362,"I slid into a guardrail 14 days ago and the front of my 2015 Subaru Outback is crushed. I hit my head on the steering wheel and an ambulance took me to the hospital. The body shop quoted $4,850. Policyholder: James Mensah.",collision,yes,2k_to_10k,senior_adjuster
cla-tr-0363,"My 2022 Toyota Camry was sitting in a flooded parking lot 4 days ago and water got inside. The body shop quoted $3,250. I just took out this policy 16 days ago. Policyholder: Diego Okafor.",weather,no,2k_to_10k,special_investigations
cla-tr-0364,"My 2022 Toyota Camry was stolen from my driveway five days ago. The car is worth about $1,300. My Granite Shield policy started 5 days ago. Policyholder: Kenji Haddad.",theft,no,under_2k,special_investigations
cla-tr-0365,"I came out of work 12 days ago and my 2015 Subaru Outback was gone. Police report filed. The car is worth about $3,350. I've been a Granite Shield customer for five years. Policyholder: Aisha Dubois.",theft,no,2k_to_10k,special_investigations
cla-tr-0366,"Someone merged into my lane on the highway 3 days ago and sideswiped my 2019 Honda CR-V. No injuries, thankfully. Repair estimate is about $37,650. I've been a Granite Shield customer for 5 years. Policyholder: Dev Silva.",collision,no,over_10k,standard_adjuster
cla-tr-0367,"FNOL call notes - insured Dev Okafor. Insured came out of work this morning and their 2021 Tesla Model 3 was gone. Police report filed. The car is worth about $1,400.",theft,no,under_2k,fast_track
cla-tr-0368,Vandals spray-painted my 2015 Subaru Outback 4 days ago. The body shop quoted $650. Customer since 2014. Policyholder: Priya Mensah.,vandalism,no,under_2k,fast_track
cla-tr-0369,"FNOL call notes - insured Dev Cohen. Insured came out of work five days ago and their 2017 Ford F-150 was gone. Police report filed. The car is worth about $42,950. I've been a Granite Shield customer for twelve years.",theft,no,over_10k,standard_adjuster
cla-tr-0370,"FNOL call notes - insured Olu Murphy. 2 days ago a stone chipped their windshield and the crack is spreading. I'd guess the damage is around $1,100.",glass,no,under_2k,fast_track
cla-tr-0371,"Three days ago another driver ran a stop sign and T-boned my 2022 Toyota Camry. Repair estimate is about $7,000. Policyholder: Omar Haddad.",collision,no,2k_to_10k,standard_adjuster
cla-tr-0372,"I slid into a guardrail yesterday and the front of my 2021 Tesla Model 3 is crushed. I hit my head on the steering wheel and an ambulance took me to the hospital. The body shop quoted $7,100. I've been a Granite Shield customer for 10 years. Policyholder: Dev Murphy.",collision,yes,2k_to_10k,senior_adjuster
cla-tr-0373,"My rear window on the 2023 Kia Telluride shattered 2 days ago, no other damage. I'd guess the damage is around $250. Policyholder: Fatima Singh.",glass,no,under_2k,fast_track
cla-tr-0374,"FNOL call notes - insured Hannah Novak. Their tires were slashed and mirrors smashed yesterday while parked on the street. Repair estimate is about $8,100.",vandalism,no,2k_to_10k,standard_adjuster
cla-tr-0375,"FNOL call notes - insured Diego Novak. Vandals spray-painted their 2019 Honda CR-V five days ago. The body shop quoted $5,350. I just took out this policy 16 days ago.",vandalism,no,2k_to_10k,special_investigations
cla-tr-0376,"I came out of work 2 days ago and my 2018 Jeep Wrangler was gone. Police report filed. Kelley Blue Book value is around $7,600. Policyholder: Priya Ali.",theft,no,2k_to_10k,standard_adjuster
cla-tr-0377,FNOL call notes - insured Nina Okafor. Insured came out of work yesterday and their 2022 Toyota Camry was gone. Police report filed. Kelley Blue Book value is around $650. Customer since 2019.,theft,no,under_2k,fast_track
cla-tr-0378,Someone merged into my lane on the highway 3 days ago and sideswiped my 2022 Toyota Camry. Nobody was hurt. The shop says roughly $450 to fix. Policyholder: Noah Ali.,collision,no,under_2k,fast_track
cla-tr-0379,FNOL call notes - insured Lily Garcia. A rock hit their windshield on the highway twelve days ago and it cracked across the driver's side. The body shop quoted $300.,glass,no,under_2k,fast_track
cla-tr-0380,"I came out of work 2 days ago and my 2020 Hyundai Tucson was gone. Police report filed. The car is worth about $1,450. I just took out this policy 5 days ago. Policyholder: Olu Silva.",theft,no,under_2k,special_investigations
cla-tr-0381,"I was rear-ended at a red light 21 days ago in my 2020 Hyundai Tucson. No injuries, thankfully. The body shop quoted $500. I've been a Granite Shield customer for three years. Policyholder: Yara Cohen.",collision,no,under_2k,fast_track
cla-tr-0382,"FNOL call notes - insured Tom Brooks. Someone keyed both sides of their 2021 Tesla Model 3 three days ago. The shop says roughly $6,700 to fix.",vandalism,no,2k_to_10k,standard_adjuster
cla-tr-0383,"FNOL call notes - insured Luca Okafor. Vandals spray-painted their 2018 Jeep Wrangler five days ago. I'd guess the damage is around $7,800.",vandalism,no,2k_to_10k,standard_adjuster
cla-tr-0384,"FNOL call notes - insured Chen Patel. A tree branch fell on their 2019 Honda CR-V during the storm yesterday. The shop says roughly $38,200 to fix. I only switched to Granite Shield 5 days ago.",weather,no,over_10k,special_investigations
cla-tr-0385,"FNOL call notes - insured Ben Shah. Someone broke in and drove off with their 2018 Jeep Wrangler two days ago. Kelley Blue Book value is around $5,700. My Granite Shield policy started 16 days ago.",theft,no,2k_to_10k,special_investigations
cla-tr-0386,"21 days ago another driver ran a stop sign and T-boned my 2017 Ford F-150. My neck and back are hurting and I went to urgent care. Repair estimate is about $3,100. I've been a Granite Shield customer for six years. Policyholder: Zara Murphy.",collision,yes,2k_to_10k,senior_adjuster
cla-tr-0387,"My 2018 Jeep Wrangler was sitting in a flooded parking lot 3 days ago and water got inside. I'd guess the damage is around $6,400. Policyholder: Ben Mensah.",weather,no,2k_to_10k,standard_adjuster
cla-tr-0388,FNOL call notes - insured Kenji Shah. 2 days ago a stone chipped their windshield and the crack is spreading. The body shop quoted $300. Customer since 2014.,glass,no,under_2k,fast_track
cla-tr-0389,"FNOL call notes - insured Ibrahim Brooks. Hail dented the hood and roof of their 2022 Toyota Camry two days ago. I'd guess the damage is around $1,050.",weather,no,under_2k,fast_track
cla-tr-0390,"A tree branch fell on my 2018 Jeep Wrangler during the storm four days ago. I'd guess the damage is around $3,700. Policyholder: Mateo Singh.",weather,no,2k_to_10k,standard_adjuster
cla-tr-0391,"FNOL call notes - insured Arjun Garcia. Their 2021 Tesla Model 3 was stolen from their driveway 10 days ago. Kelley Blue Book value is around $6,950. My Granite Shield policy started 16 days ago.",theft,no,2k_to_10k,special_investigations
cla-tr-0392,Someone keyed both sides of my 2021 Tesla Model 3 two weeks ago. The body shop quoted $600. Customer since 2014. Policyholder: Ibrahim Shah.,vandalism,no,under_2k,fast_track
cla-tr-0393,"FNOL call notes - insured Luca Larsen. Insured slid into a guardrail this morning and the front of their 2015 Subaru Outback is crushed. My passenger broke her wrist and was taken to the ER. The shop says roughly $19,800 to fix. Customer since 2012.",collision,yes,over_10k,senior_adjuster
cla-tr-0394,"21 days ago another driver ran a stop sign and T-boned my 2022 Toyota Camry. The other driver complained of chest pain and was taken away by ambulance. I'd guess the damage is around $4,100. Policyholder: Samuel Haddad.",collision,yes,2k_to_10k,senior_adjuster
cla-tr-0395,"I came out of work 2 days ago and my 2019 Honda CR-V was gone. Police report filed. The car is worth about $28,750. Customer since 2023. Policyholder: James Silva.",theft,no,over_10k,standard_adjuster
cla-tr-0396,FNOL call notes - insured Maria Mensah. Their 2015 Subaru Outback was stolen from their driveway yesterday. The car is worth about $550. Customer since 2014.,theft,no,under_2k,fast_track
cla-tr-0397,"FNOL call notes - insured Sofia Wang. Hail dented the hood and roof of their 2023 Kia Telluride two weeks ago. Repair estimate is about $7,700.",weather,no,2k_to_10k,standard_adjuster
cla-tr-0398,Someone broke in and drove off with my 2020 Hyundai Tucson four days ago. Kelley Blue Book value is around $800. I've been a Granite Shield customer for six years. Policyholder: Noah Murphy.,theft,no,under_2k,fast_track
cla-tr-0399,FNOL call notes - insured Ibrahim Singh. A rock hit their windshield on the highway five days ago and it cracked across the driver's side. The shop says roughly $750 to fix. I just took out this policy 5 days ago.,glass,no,under_2k,special_investigations
cla-tr-0400,"FNOL call notes - insured Lily Ali. Their tires were slashed and mirrors smashed two days ago while parked on the street. Repair estimate is about $41,400. I've been a Granite Shield customer for two years.",vandalism,no,over_10k,standard_adjuster
cla-tr-0401,"FNOL call notes - insured Grace Mensah. Their tires were slashed and mirrors smashed this morning while parked on the street. The shop says roughly $1,400 to fix.",vandalism,no,under_2k,fast_track
cla-tr-0402,"I slid into a guardrail five days ago and the front of my 2021 Tesla Model 3 is crushed. Repair estimate is about $21,000. Policyholder: Mei Mensah.",collision,no,over_10k,standard_adjuster
cla-tr-0403,"FNOL call notes - insured Nina Rossi. Their tires were slashed and mirrors smashed 10 days ago while parked on the street. Repair estimate is about $44,350. I've been a Granite Shield customer for 3 years.",vandalism,no,over_10k,standard_adjuster
cla-tr-0404,FNOL call notes - insured Olu Kim. Insured was rear-ended at a red light 14 days ago in their 2023 Kia Telluride. Everyone is fine. The body shop quoted $600. I've been a Granite Shield customer for three years.,collision,no,under_2k,fast_track
cla-tr-0405,"Someone merged into my lane on the highway yesterday and sideswiped my 2020 Hyundai Tucson. I'd guess the damage is around $11,500. I've been a Granite Shield customer for 11 years. Policyholder: Sofia Mensah.",collision,no,over_10k,standard_adjuster
cla-tr-0406,"A rock hit my windshield on the highway four days ago and it cracked across the driver's side. I'd guess the damage is around $1,450. Policyholder: James Shah.",glass,no,under_2k,fast_track
cla-tr-0407,"FNOL call notes - insured Yara Silva. Their rear window on the 2018 Jeep Wrangler shattered 12 days ago, no other damage. The body shop quoted $300. Customer since 2024.",glass,no,under_2k,fast_track
cla-tr-0408,"FNOL call notes - insured Fatima Tanaka. 4 days ago another driver ran a stop sign and T-boned their 2020 Hyundai Tucson. No injuries, thankfully. I'd guess the damage is around $250. Customer since 2012.",collision,no,under_2k,fast_track
cla-tr-0409,"4 days ago another driver ran a stop sign and T-boned my 2019 Honda CR-V. Nobody was hurt. Repair estimate is about $31,250. Customer since 2008. Policyholder: Samuel Silva.",collision,no,over_10k,standard_adjuster
cla-tr-0410,"My 2019 Honda CR-V was stolen from my driveway yesterday. Kelley Blue Book value is around $8,450. I've been a Granite Shield customer for eleven years. Policyholder: Hannah Patel.",theft,no,2k_to_10k,standard_adjuster
cla-tr-0411,"FNOL call notes - insured Nina Patel. Insured slid into a guardrail yesterday and the front of their 2023 Kia Telluride is crushed. My neck and back are hurting and I went to urgent care. Repair estimate is about $5,600. Customer since 2016.",collision,yes,2k_to_10k,senior_adjuster
cla-tr-0412,"FNOL call notes - insured Omar Garcia. Insured was rear-ended at a red light 5 days ago in their 2021 Tesla Model 3. Everyone is fine. The shop says roughly $4,450 to fix.",collision,no,2k_to_10k,standard_adjuster
cla-tr-0413,"FNOL call notes - insured Rachel Ali. Two days ago another driver ran a stop sign and T-boned their 2019 Honda CR-V. Nobody was hurt. I'd guess the damage is around $8,350.",collision,no,2k_to_10k,standard_adjuster
cla-tr-0414,"FNOL call notes - insured Nina Brooks. Their rear window on the 2019 Honda CR-V shattered 5 days ago, no other damage. The body shop quoted $400. Customer since 2022.",glass,no,under_2k,fast_track
cla-tr-0415,"I was rear-ended at a red light ten days ago in my 2023 Kia Telluride. The shop says roughly $8,650 to fix. Policyholder: Grace Cohen.",collision,no,2k_to_10k,standard_adjuster
cla-tr-0416,"FNOL call notes - insured Dev Brooks. Their rear window on the 2023 Kia Telluride shattered yesterday, no other damage. The shop says roughly $1,350 to fix. I only switched to Granite Shield 20 days ago.",glass,no,under_2k,special_investigations
cla-tr-0417,"FNOL call notes - insured Aisha Dubois. Insured came out of work yesterday and their 2018 Jeep Wrangler was gone. Police report filed. Kelley Blue Book value is around $5,250.",theft,no,2k_to_10k,standard_adjuster
cla-tr-0418,"A rock hit my windshield on the highway 10 days ago and it cracked across the driver's side. The shop says roughly $1,150 to fix. I only switched to Granite Shield 16 days ago. Policyholder: Diego Silva.",glass,no,under_2k,special_investigations
cla-tr-0419,"I slid into a guardrail 3 days ago and the front of my 2015 Subaru Outback is crushed. I hit my head on the steering wheel and an ambulance took me to the hospital. The body shop quoted $6,300. I've been a Granite Shield customer for ten years. Policyholder: Aisha Rossi.",collision,yes,2k_to_10k,senior_adjuster
cla-tr-0420,"I was rear-ended at a red light two days ago in my 2015 Subaru Outback. I'd guess the damage is around $8,150. Policyholder: Luca Brooks.",collision,no,2k_to_10k,standard_adjuster
cla-tr-0421,"I slid into a guardrail ten days ago and the front of my 2020 Hyundai Tucson is crushed. My neck and back are hurting and I went to urgent care. Repair estimate is about $31,250. I've been a Granite Shield customer for five years. Policyholder: Rachel Murphy.",collision,yes,over_10k,senior_adjuster
cla-tr-0422,"FNOL call notes - insured Arjun Patel. A rock hit their windshield on the highway yesterday and it cracked across the driver's side. Repair estimate is about $1,100.",glass,no,under_2k,fast_track
cla-tr-0423,FNOL call notes - insured Fatima Larsen. Insured was rear-ended at a red light 10 days ago in their 2019 Honda CR-V. Everyone is fine. The body shop quoted $550.,collision,no,under_2k,fast_track
cla-tr-0424,"My tires were slashed and mirrors smashed three days ago while parked on the street. The shop says roughly $21,900 to fix. I just took out this policy 9 days ago. Policyholder: Tom Ali.",vandalism,no,over_10k,special_investigations
cla-tr-0425,"FNOL call notes - insured Chen Singh. Insured was rear-ended at a red light 5 days ago in their 2015 Subaru Outback. No injuries, thankfully. The body shop quoted $950. Customer since 2015.",collision,no,under_2k,fast_track
cla-tr-0426,"FNOL call notes - insured Sofia Cohen. Their rear window on the 2019 Honda CR-V shattered this morning, no other damage. The shop says roughly $1,600 to fix.",glass,no,under_2k,fast_track
cla-tr-0427,FNOL call notes - insured Rachel Dubois. A rock hit their windshield on the highway yesterday and it cracked across the driver's side. The shop says roughly $250 to fix.,glass,no,under_2k,fast_track
cla-tr-0428,"FNOL call notes - insured Elena Shah. Someone merged into their lane on the highway 2 days ago and sideswiped their 2015 Subaru Outback. My neck and back are hurting and I went to urgent care. The body shop quoted $7,650.",collision,yes,2k_to_10k,senior_adjuster
cla-tr-0429,"FNOL call notes - insured Hannah Larsen. Someone keyed both sides of their 2015 Subaru Outback four days ago. The body shop quoted $18,450.",vandalism,no,over_10k,standard_adjuster
cla-tr-0430,FNOL call notes - insured Diego Tanaka. Their 2020 Hyundai Tucson was stolen from their driveway 21 days ago. The car is worth about $700.,theft,no,under_2k,special_investigations
cla-tr-0431,FNOL call notes - insured Arjun Garcia. Insured slid into a guardrail yesterday and the front of their 2015 Subaru Outback is crushed. My passenger broke her wrist and was taken to the ER. The body shop quoted $350.,collision,yes,under_2k,senior_adjuster
cla-tr-0432,"My 2020 Hyundai Tucson was stolen from my driveway 2 days ago. Kelley Blue Book value is around $1,100. I've been a Granite Shield customer for nine years. Policyholder: Lily Cohen.",theft,no,under_2k,fast_track
cla-tr-0433,FNOL call notes - insured Fatima Cohen. Their tires were slashed and mirrors smashed four days ago while parked on the street. Repair estimate is about $500. I only switched to Granite Shield 5 days ago.,vandalism,no,under_2k,special_investigations
cla-tr-0434,Someone broke in and drove off with my 2018 Jeep Wrangler yesterday. Kelley Blue Book value is around $450. I just took out this policy 12 days ago. Policyholder: Sofia Brooks.,theft,no,under_2k,special_investigations
cla-tr-0435,"FNOL call notes - insured Luca Tanaka. Insured slid into a guardrail yesterday and the front of their 2018 Jeep Wrangler is crushed. My neck and back are hurting and I went to urgent care. The body shop quoted $2,900.",collision,yes,2k_to_10k,senior_adjuster
cla-tr-0436,Vandals spray-painted my 2019 Honda CR-V this morning. The body shop quoted $750. Policyholder: Diego Dubois.,vandalism,no,under_2k,fast_track
cla-tr-0437,"FNOL call notes - insured Arjun Reyes. Two weeks ago another driver ran a stop sign and T-boned their 2023 Kia Telluride. Nobody was hurt. The shop says roughly $8,650 to fix.",collision,no,2k_to_10k,standard_adjuster
cla-tr-0438,"Someone merged into my lane on the highway two days ago and sideswiped my 2018 Jeep Wrangler. Repair estimate is about $5,150. Policyholder: Luca Okafor.",collision,no,2k_to_10k,standard_adjuster
cla-tr-0439,Hail dented the hood and roof of my 2023 Kia Telluride twelve days ago. Repair estimate is about $750. Policyholder: Dev Mensah.,weather,no,under_2k,fast_track
cla-tr-0440,"I was rear-ended at a red light 12 days ago in my 2021 Tesla Model 3. No injuries, thankfully. I'd guess the damage is around $7,150. Policyholder: Kenji Larsen.",collision,no,2k_to_10k,standard_adjuster
cla-tr-0441,"FNOL call notes - insured Mateo Singh. Someone merged into their lane on the highway 4 days ago and sideswiped their 2019 Honda CR-V. My passenger broke her wrist and was taken to the ER. I'd guess the damage is around $6,500. Customer since 2020.",collision,yes,2k_to_10k,senior_adjuster
cla-tr-0442,"FNOL call notes - insured Camila Kim. Insured was rear-ended at a red light yesterday in their 2020 Hyundai Tucson. Nobody was hurt. The shop says roughly $26,750 to fix. I've been a Granite Shield customer for 12 years.",collision,no,over_10k,standard_adjuster
cla-tr-0443,"FNOL call notes - insured Omar Brooks. Insured slid into a guardrail 3 days ago and the front of their 2021 Tesla Model 3 is crushed. My passenger broke her wrist and was taken to the ER. The body shop quoted $1,250.",collision,yes,under_2k,senior_adjuster
cla-tr-0444,"I slid into a guardrail twelve days ago and the front of my 2015 Subaru Outback is crushed. Everyone is fine. The body shop quoted $13,900. Policyholder: Samuel Murphy.",collision,no,over_10k,standard_adjuster
cla-tr-0445,"This morning another driver ran a stop sign and T-boned my 2023 Kia Telluride. Nobody was hurt. Repair estimate is about $7,550. My Granite Shield policy started 16 days ago. Policyholder: Grace Kim.",collision,no,2k_to_10k,special_investigations
cla-tr-0446,"FNOL call notes - insured Noah Shah. Someone merged into their lane on the highway 12 days ago and sideswiped their 2023 Kia Telluride. My passenger broke her wrist and was taken to the ER. I'd guess the damage is around $1,150. Customer since 2024.",collision,yes,under_2k,senior_adjuster
cla-tr-0447,"FNOL call notes - insured Aisha Silva. Their tires were slashed and mirrors smashed yesterday while parked on the street. Repair estimate is about $30,300. My Granite Shield policy started 5 days ago.",vandalism,no,over_10k,special_investigations
cla-tr-0448,"I was rear-ended at a red light 21 days ago in my 2019 Honda CR-V. I hit my head on the steering wheel and an ambulance took me to the hospital. The shop says roughly $38,300 to fix. Policyholder: Fatima Kim.",collision,yes,over_10k,senior_adjuster
cla-tr-0449,FNOL call notes - insured Mateo Patel. Twelve days ago a stone chipped their windshield and the crack is spreading. Repair estimate is about $300. Customer since 2022.,glass,no,under_2k,fast_track
cla-tr-0450,I slid into a guardrail four days ago and the front of my 2017 Ford F-150 is crushed. My neck and back are hurting and I went to urgent care. The shop says roughly $800 to fix. Policyholder: Yara Tanaka.,collision,yes,under_2k,senior_adjuster
cla-tr-0451,"FNOL call notes - insured Luca Kim. Someone keyed both sides of their 2018 Jeep Wrangler 5 days ago. The body shop quoted $4,300. Customer since 2017.",vandalism,no,2k_to_10k,standard_adjuster
cla-tr-0452,"FNOL call notes - insured Camila Okafor. Someone merged into their lane on the highway two days ago and sideswiped their 2017 Ford F-150. My passenger broke her wrist and was taken to the ER. The shop says roughly $1,550 to fix.",collision,yes,under_2k,senior_adjuster
cla-tr-0453,"FNOL call notes - insured Yara Ali. Insured was rear-ended at a red light 2 days ago in their 2015 Subaru Outback. No injuries, thankfully. I'd guess the damage is around $24,350. I've been a Granite Shield customer for six years.",collision,no,over_10k,standard_adjuster
cla-tr-0454,I slid into a guardrail this morning and the front of my 2023 Kia Telluride is crushed. I hit my head on the steering wheel and an ambulance took me to the hospital. The body shop quoted $300. Customer since 2014. Policyholder: Camila Rossi.,collision,yes,under_2k,senior_adjuster
cla-tr-0455,"FNOL call notes - insured Grace Silva. A rock hit their windshield on the highway two weeks ago and it cracked across the driver's side. Repair estimate is about $1,150.",glass,no,under_2k,fast_track
cla-tr-0456,"Hail dented the hood and roof of my 2021 Tesla Model 3 3 days ago. I'd guess the damage is around $1,350. Policyholder: Samuel Ali.",weather,no,under_2k,fast_track
cla-tr-0457,"Someone broke in and drove off with my 2015 Subaru Outback twelve days ago. Kelley Blue Book value is around $32,250. Policyholder: Ibrahim Tanaka.",theft,no,over_10k,special_investigations
cla-tr-0458,"FNOL call notes - insured Aisha Brooks. Insured slid into a guardrail 3 days ago and the front of their 2019 Honda CR-V is crushed. Nobody was hurt. The body shop quoted $34,050. Customer since 2009.",collision,no,over_10k,standard_adjuster
cla-tr-0459,FNOL call notes - insured Mei Wang. Insured slid into a guardrail 3 days ago and the front of their 2019 Honda CR-V is crushed. I'd guess the damage is around $250.,collision,no,under_2k,fast_track
cla-tr-0460,"FNOL call notes - insured Ben Garcia. Vandals spray-painted their 2023 Kia Telluride 21 days ago. Repair estimate is about $3,700. I've been a Granite Shield customer for 3 years.",vandalism,no,2k_to_10k,standard_adjuster
cla-tr-0461,"FNOL call notes - insured Zara Cohen. Their 2023 Kia Telluride was stolen from their driveway 12 days ago. The car is worth about $6,050.",theft,no,2k_to_10k,special_investigations
cla-tr-0462,"Someone broke in and drove off with my 2020 Hyundai Tucson two days ago. Kelley Blue Book value is around $3,250. I just took out this policy 12 days ago. Policyholder: Samuel Wang.",theft,no,2k_to_10k,special_investigations
cla-tr-0463,Vandals spray-painted my 2021 Tesla Model 3 21 days ago. Repair estimate is about $250. Policyholder: Ben Mensah.,vandalism,no,under_2k,fast_track
cla-tr-0464,"FNOL call notes - insured Camila Novak. A tree branch fell on their 2021 Tesla Model 3 during the storm yesterday. The shop says roughly $32,150 to fix. I've been a Granite Shield customer for two years.",weather,no,over_10k,standard_adjuster
cla-tr-0465,Someone keyed both sides of my 2017 Ford F-150 yesterday. I'd guess the damage is around $950. Policyholder: Ben Haddad.,vandalism,no,under_2k,fast_track
cla-tr-0466,"I was rear-ended at a red light two weeks ago in my 2023 Kia Telluride. My passenger broke her wrist and was taken to the ER. Repair estimate is about $1,650. I've been a Granite Shield customer for 12 years. Policyholder: Tom Mensah.",collision,yes,under_2k,senior_adjuster
cla-tr-0467,"Three days ago a stone chipped my windshield and the crack is spreading. The shop says roughly $1,400 to fix. Customer since 2016. Policyholder: Nina Patel.",glass,no,under_2k,fast_track
cla-tr-0468,FNOL call notes - insured James Novak. A tree branch fell on their 2017 Ford F-150 during the storm ten days ago. I'd guess the damage is around $300. I just took out this policy 20 days ago.,weather,no,under_2k,special_investigations
cla-tr-0469,"Someone keyed both sides of my 2022 Toyota Camry this morning. The body shop quoted $1,100. Policyholder: Maria Reyes.",vandalism,no,under_2k,fast_track
cla-tr-0470,Hail dented the hood and roof of my 2015 Subaru Outback yesterday. Repair estimate is about $700. Policyholder: Camila Shah.,weather,no,under_2k,fast_track
cla-tr-0471,Someone merged into my lane on the highway yesterday and sideswiped my 2019 Honda CR-V. Nobody was hurt. The shop says roughly $850 to fix. I've been a Granite Shield customer for 7 years. Policyholder: Chen Cohen.,collision,no,under_2k,fast_track
cla-tr-0472,"My rear window on the 2020 Hyundai Tucson shattered 14 days ago, no other damage. The shop says roughly $1,650 to fix. Policyholder: Priya Tanaka.",glass,no,under_2k,fast_track
cla-tr-0473,"I slid into a guardrail 4 days ago and the front of my 2023 Kia Telluride is crushed. No injuries, thankfully. The shop says roughly $7,100 to fix. Policyholder: Tom Novak.",collision,no,2k_to_10k,standard_adjuster
cla-tr-0474,"Ten days ago another driver ran a stop sign and T-boned my 2018 Jeep Wrangler. Everyone is fine. I'd guess the damage is around $7,450. Customer since 2016. Policyholder: Samuel Rossi.",collision,no,2k_to_10k,standard_adjuster
cla-tr-0475,"My rear window on the 2021 Tesla Model 3 shattered ten days ago, no other damage. The body shop quoted $1,700. I only switched to Granite Shield 12 days ago. Policyholder: Zara Garcia.",glass,no,under_2k,special_investigations
cla-tr-0476,"This morning a stone chipped my windshield and the crack is spreading. I'd guess the damage is around $1,150. I've been a Granite Shield customer for one years. Policyholder: Maria Novak.",glass,no,under_2k,fast_track
cla-tr-0477,"FNOL call notes - insured Kenji Cohen. This morning a stone chipped their windshield and the crack is spreading. The body shop quoted $1,250.",glass,no,under_2k,fast_track
cla-tr-0478,I slid into a guardrail 21 days ago and the front of my 2015 Subaru Outback is crushed. The other driver complained of chest pain and was taken away by ambulance. The body shop quoted $900. Policyholder: Ibrahim Larsen.,collision,yes,under_2k,senior_adjuster
cla-tr-0479,"Vandals spray-painted my 2017 Ford F-150 4 days ago. Repair estimate is about $7,150. Customer since 2009. Policyholder: Ben Tanaka.",vandalism,no,2k_to_10k,standard_adjuster
cla-tr-0480,"I was rear-ended at a red light this morning in my 2020 Hyundai Tucson. No injuries, thankfully. The shop says roughly $18,550 to fix. Policyholder: Luca Shah.",collision,no,over_10k,standard_adjuster
cla-tr-0481,"FNOL call notes - insured Chen Haddad. Their tires were slashed and mirrors smashed three days ago while parked on the street. Repair estimate is about $1,000. My Granite Shield policy started 12 days ago.",vandalism,no,under_2k,special_investigations
cla-tr-0482,"FNOL call notes - insured Dev Tanaka. Someone keyed both sides of their 2019 Honda CR-V 4 days ago. The body shop quoted $23,850. I've been a Granite Shield customer for 1 years.",vandalism,no,over_10k,standard_adjuster
cla-tr-0483,"FNOL call notes - insured Chen Tanaka. Insured was rear-ended at a red light four days ago in their 2017 Ford F-150. No injuries, thankfully. The shop says roughly $6,100 to fix. Customer since 2012.",collision,no,2k_to_10k,standard_adjuster
cla-tr-0484,"My 2019 Honda CR-V was sitting in a flooded parking lot 10 days ago and water got inside. The shop says roughly $8,650 to fix. Policyholder: Elena Shah.",weather,no,2k_to_10k,standard_adjuster
cla-tr-0485,FNOL call notes - insured Arjun Murphy. A rock hit their windshield on the highway four days ago and it cracked across the driver's side. The body shop quoted $300. My Granite Shield policy started 5 days ago.,glass,no,under_2k,special_investigations
cla-tr-0486,"FNOL call notes - insured Maria Novak. Someone merged into their lane on the highway two weeks ago and sideswiped their 2022 Toyota Camry. My passenger broke her wrist and was taken to the ER. Repair estimate is about $1,450. I only switched to Granite Shield 20 days ago.",collision,yes,under_2k,special_investigations
cla-tr-0487,"FNOL call notes - insured Priya Haddad. Someone merged into their lane on the highway two weeks ago and sideswiped their 2019 Honda CR-V. My neck and back are hurting and I went to urgent care. Repair estimate is about $5,300. I've been a Granite Shield customer for 7 years.",collision,yes,2k_to_10k,senior_adjuster
cla-tr-0488,"My rear window on the 2017 Ford F-150 shattered this morning, no other damage. Repair estimate is about $1,100. Policyholder: Kenji Silva.",glass,no,under_2k,fast_track
cla-tr-0489,"FNOL call notes - insured Yara Larsen. Their 2020 Hyundai Tucson was stolen from their driveway 21 days ago. The car is worth about $5,450. I just took out this policy 9 days ago.",theft,no,2k_to_10k,special_investigations
cla-tr-0490,FNOL call notes - insured Nina Rossi. Hail dented the hood and roof of their 2021 Tesla Model 3 10 days ago. The body shop quoted $300. Customer since 2008.,weather,no,under_2k,fast_track
cla-tr-0491,Someone merged into my lane on the highway 14 days ago and sideswiped my 2018 Jeep Wrangler. Everyone is fine. The body shop quoted $550. Policyholder: Mei Haddad.,collision,no,under_2k,fast_track
cla-tr-0492,"FNOL call notes - insured Diego Larsen. Someone merged into their lane on the highway this morning and sideswiped their 2018 Jeep Wrangler. No injuries, thankfully. I'd guess the damage is around $6,200.",collision,no,2k_to_10k,standard_adjuster
cla-tr-0493,"My rear window on the 2015 Subaru Outback shattered yesterday, no other damage. Repair estimate is about $750. Customer since 2008. Policyholder: Fatima Wang.",glass,no,under_2k,fast_track
cla-tr-0494,"Someone keyed both sides of my 2022 Toyota Camry this morning. The shop says roughly $5,250 to fix. Policyholder: Arjun Murphy.",vandalism,no,2k_to_10k,standard_adjuster
cla-tr-0495,"Yesterday another driver ran a stop sign and T-boned my 2022 Toyota Camry. Everyone is fine. The body shop quoted $7,700. I've been a Granite Shield customer for 8 years. Policyholder: Arjun Rossi.",collision,no,2k_to_10k,standard_adjuster
cla-tr-0496,"FNOL call notes - insured Dev Ali. Hail dented the hood and roof of their 2021 Tesla Model 3 yesterday. I'd guess the damage is around $7,450. Customer since 2010.",weather,no,2k_to_10k,standard_adjuster
cla-tr-0497,"FNOL call notes - insured Yara Brooks. A tree branch fell on their 2020 Hyundai Tucson during the storm yesterday. I'd guess the damage is around $6,550. I've been a Granite Shield customer for 12 years.",weather,no,2k_to_10k,standard_adjuster
cla-tr-0498,"Someone merged into my lane on the highway two days ago and sideswiped my 2023 Kia Telluride. I'd guess the damage is around $1,150. I've been a Granite Shield customer for nine years. Policyholder: Yara Okafor.",collision,no,under_2k,fast_track
cla-tr-0499,"Vandals spray-painted my 2018 Jeep Wrangler yesterday. The shop says roughly $44,300 to fix. Policyholder: Camila Larsen.",vandalism,no,over_10k,standard_adjuster
cla-tr-0500,"I was rear-ended at a red light this morning in my 2020 Hyundai Tucson. The other driver complained of chest pain and was taken away by ambulance. I'd guess the damage is around $38,750. Policyholder: Priya Ali.",collision,yes,over_10k,senior_adjuster
cla-tr-0501,"Someone keyed both sides of my 2020 Hyundai Tucson this morning. The body shop quoted $1,500. I've been a Granite Shield customer for 10 years. Policyholder: Noah Mensah.",vandalism,no,under_2k,fast_track
cla-tr-0502,"Someone keyed both sides of my 2022 Toyota Camry this morning. The shop says roughly $11,750 to fix. Policyholder: Ben Haddad.",vandalism,no,over_10k,standard_adjuster
cla-tr-0503,"FNOL call notes - insured James Singh. Hail dented the hood and roof of their 2023 Kia Telluride 12 days ago. The body shop quoted $1,000. I've been a Granite Shield customer for six years.",weather,no,under_2k,fast_track
cla-tr-0504,"FNOL call notes - insured Mateo Garcia. Their rear window on the 2015 Subaru Outback shattered yesterday, no other damage. I'd guess the damage is around $1,050.",glass,no,under_2k,fast_track
cla-tr-0505,"FNOL call notes - insured Kenji Okafor. Vandals spray-painted their 2020 Hyundai Tucson 10 days ago. The shop says roughly $14,000 to fix.",vandalism,no,over_10k,standard_adjuster
cla-tr-0506,"FNOL call notes - insured Priya Patel. Someone keyed both sides of their 2019 Honda CR-V 4 days ago. Repair estimate is about $12,150. I only switched to Granite Shield 5 days ago.",vandalism,no,over_10k,special_investigations
cla-tr-0507,"I was rear-ended at a red light 2 days ago in my 2017 Ford F-150. Nobody was hurt. I'd guess the damage is around $1,150. Customer since 2024. Policyholder: Mei Wang.",collision,no,under_2k,fast_track
cla-tr-0508,I came out of work yesterday and my 2015 Subaru Outback was gone. Police report filed. The car is worth about $750. Policyholder: Omar Okafor.,theft,no,under_2k,fast_track
cla-tr-0509,"My 2019 Honda CR-V was stolen from my driveway this morning. Kelley Blue Book value is around $31,250. Policyholder: Luca Cohen.",theft,no,over_10k,standard_adjuster
cla-tr-0510,"FNOL call notes - insured Lily Singh. Insured came out of work three days ago and their 2020 Hyundai Tucson was gone. Police report filed. Kelley Blue Book value is around $1,400.",theft,no,under_2k,fast_track
cla-tr-0511,"FNOL call notes - insured Samuel Kim. Their 2018 Jeep Wrangler was sitting in a flooded parking lot yesterday and water got inside. I'd guess the damage is around $1,200.",weather,no,under_2k,fast_track
cla-tr-0512,FNOL call notes - insured Noah Patel. 10 days ago a stone chipped their windshield and the crack is spreading. I'd guess the damage is around $250.,glass,no,under_2k,fast_track
cla-tr-0513,14 days ago a stone chipped my windshield and the crack is spreading. The shop says roughly $450 to fix. Policyholder: Camila Wang.,glass,no,under_2k,fast_track
cla-tr-0514,"FNOL call notes - insured Hannah Ali. Someone broke in and drove off with their 2017 Ford F-150 4 days ago. The car is worth about $4,750.",theft,no,2k_to_10k,standard_adjuster
cla-tr-0515,"FNOL call notes - insured Maria Singh. Their tires were slashed and mirrors smashed 14 days ago while parked on the street. The shop says roughly $12,850 to fix. I've been a Granite Shield customer for nine years.",vandalism,no,over_10k,standard_adjuster
cla-tr-0516,"FNOL call notes - insured Maria Tanaka. Their 2022 Toyota Camry was sitting in a flooded parking lot yesterday and water got inside. I'd guess the damage is around $7,450. I've been a Granite Shield customer for 5 years.",weather,no,2k_to_10k,standard_adjuster
cla-tr-0517,"I was rear-ended at a red light 14 days ago in my 2015 Subaru Outback. I hit my head on the steering wheel and an ambulance took me to the hospital. Repair estimate is about $1,600. I've been a Granite Shield customer for 7 years. Policyholder: Priya Wang.",collision,yes,under_2k,senior_adjuster
cla-tr-0518,"Someone broke in and drove off with my 2021 Tesla Model 3 5 days ago. The car is worth about $1,450. Policyholder: Ben Larsen.",theft,no,under_2k,fast_track
cla-tr-0519,"FNOL call notes - insured Camila Okafor. Someone merged into their lane on the highway 4 days ago and sideswiped their 2019 Honda CR-V. No injuries, thankfully. I'd guess the damage is around $3,700.",collision,no,2k_to_10k,standard_adjuster
cla-tr-0520,"FNOL call notes - insured Olu Wang. Someone merged into their lane on the highway 12 days ago and sideswiped their 2017 Ford F-150. Everyone is fine. Repair estimate is about $1,600. I only switched to Granite Shield 9 days ago.",collision,no,under_2k,special_investigations
cla-tr-0521,"FNOL call notes - insured Mateo Tanaka. 5 days ago a stone chipped their windshield and the crack is spreading. I'd guess the damage is around $1,600.",glass,no,under_2k,fast_track
cla-tr-0522,FNOL call notes - insured Priya Brooks. Their tires were slashed and mirrors smashed ten days ago while parked on the street. The shop says roughly $850 to fix.,vandalism,no,under_2k,fast_track
cla-tr-0523,"2 days ago another driver ran a stop sign and T-boned my 2015 Subaru Outback. No injuries, thankfully. I'd guess the damage is around $950. Policyholder: Tom Garcia.",collision,no,under_2k,fast_track
cla-tr-0524,"FNOL call notes - insured Zara Patel. Vandals spray-painted their 2023 Kia Telluride yesterday. Repair estimate is about $31,850. Customer since 2023.",vandalism,no,over_10k,standard_adjuster
cla-tr-0525,"FNOL call notes - insured Diego Shah. 5 days ago another driver ran a stop sign and T-boned their 2018 Jeep Wrangler. No injuries, thankfully. The shop says roughly $1,700 to fix.",collision,no,under_2k,fast_track
cla-tr-0526,"FNOL call notes - insured Hannah Tanaka. 21 days ago another driver ran a stop sign and T-boned their 2021 Tesla Model 3. Everyone is fine. Repair estimate is about $5,850.",collision,no,2k_to_10k,standard_adjuster
cla-tr-0527,"FNOL call notes - insured Chen Novak. Vandals spray-painted their 2018 Jeep Wrangler this morning. Repair estimate is about $3,450. I only switched to Granite Shield 16 days ago.",vandalism,no,2k_to_10k,special_investigations
cla-tr-0528,"FNOL call notes - insured Olu Tanaka. Insured came out of work yesterday and their 2019 Honda CR-V was gone. Police report filed. Kelley Blue Book value is around $1,650. I've been a Granite Shield customer for 6 years.",theft,no,under_2k,fast_track
cla-tr-0529,"FNOL call notes - insured Grace Reyes. Someone broke in and drove off with their 2020 Hyundai Tucson 12 days ago. The car is worth about $44,650. I've been a Granite Shield customer for 10 years.",theft,no,over_10k,special_investigations
cla-tr-0530,"Hail dented the hood and roof of my 2021 Tesla Model 3 2 days ago. I'd guess the damage is around $1,300. Policyholder: Camila Reyes.",weather,no,under_2k,fast_track
cla-tr-0531,"FNOL call notes - insured Samuel Brooks. Someone broke in and drove off with their 2021 Tesla Model 3 10 days ago. The car is worth about $5,250.",theft,no,2k_to_10k,special_investigations
cla-tr-0532,"My 2023 Kia Telluride was stolen from my driveway three weeks ago. The car is worth about $1,350. Policyholder: Camila Haddad.",theft,no,under_2k,special_investigations
cla-tr-0533,"A tree branch fell on my 2022 Toyota Camry during the storm three days ago. Repair estimate is about $3,300. Policyholder: Luca Rossi.",weather,no,2k_to_10k,standard_adjuster
cla-tr-0534,"I was rear-ended at a red light two days ago in my 2019 Honda CR-V. No injuries, thankfully. I'd guess the damage is around $3,700. Customer since 2011. Policyholder: Tom Brooks.",collision,no,2k_to_10k,standard_adjuster
cla-tr-0535,FNOL call notes - insured Nina Garcia. Someone broke in and drove off with their 2021 Tesla Model 3 four days ago. Kelley Blue Book value is around $750.,theft,no,under_2k,fast_track
cla-tr-0536,Someone broke in and drove off with my 2018 Jeep Wrangler 14 days ago. The car is worth about $800. I've been a Granite Shield customer for eleven years. Policyholder: Grace Garcia.,theft,no,under_2k,special_investigations
cla-tr-0537,"I was rear-ended at a red light 12 days ago in my 2020 Hyundai Tucson. I hit my head on the steering wheel and an ambulance took me to the hospital. I'd guess the damage is around $1,550. Customer since 2021. Policyholder: Luca Okafor.",collision,yes,under_2k,senior_adjuster
cla-tr-0538,"FNOL call notes - insured Nina Garcia. Someone merged into their lane on the highway two weeks ago and sideswiped their 2017 Ford F-150. Everyone is fine. Repair estimate is about $7,400.",collision,no,2k_to_10k,standard_adjuster
cla-tr-0539,FNOL call notes - insured Omar Patel. 3 days ago a stone chipped their windshield and the crack is spreading. Repair estimate is about $300. Customer since 2010.,glass,no,under_2k,fast_track
cla-tr-0540,"10 days ago another driver ran a stop sign and T-boned my 2017 Ford F-150. The other driver complained of chest pain and was taken away by ambulance. The body shop quoted $1,100. Customer since 2018. Policyholder: Yara Reyes.",collision,yes,under_2k,senior_adjuster
cla-tr-0541,"FNOL call notes - insured Elena Singh. Their 2022 Toyota Camry was stolen from their driveway yesterday. Kelley Blue Book value is around $1,600.",theft,no,under_2k,fast_track
cla-tr-0542,"FNOL call notes - insured Yara Shah. A tree branch fell on their 2021 Tesla Model 3 during the storm 14 days ago. Repair estimate is about $6,550. Customer since 2023.",weather,no,2k_to_10k,standard_adjuster
cla-tr-0543,"Someone merged into my lane on the highway twelve days ago and sideswiped my 2018 Jeep Wrangler. No injuries, thankfully. Repair estimate is about $950. Customer since 2010. Policyholder: Priya Singh.",collision,no,under_2k,fast_track
cla-tr-0544,"My rear window on the 2020 Hyundai Tucson shattered three weeks ago, no other damage. Repair estimate is about $600. My Granite Shield policy started 20 days ago. Policyholder: Tom Larsen.",glass,no,under_2k,special_investigations
cla-tr-0545,FNOL call notes - insured Mei Dubois. Insured slid into a guardrail two weeks ago and the front of their 2020 Hyundai Tucson is crushed. My passenger broke her wrist and was taken to the ER. Repair estimate is about $550.,collision,yes,under_2k,senior_adjuster
cla-tr-0546,"Someone merged into my lane on the highway this morning and sideswiped my 2022 Toyota Camry. Everyone is fine. The body shop quoted $7,650. Policyholder: Ibrahim Mensah.",collision,no,2k_to_10k,standard_adjuster
cla-tr-0547,"I came out of work 3 days ago and my 2022 Toyota Camry was gone. Police report filed. Kelley Blue Book value is around $3,100. Policyholder: Camila Silva.",theft,no,2k_to_10k,standard_adjuster
cla-tr-0548,"FNOL call notes - insured Maria Novak. A rock hit their windshield on the highway 4 days ago and it cracked across the driver's side. The shop says roughly $1,000 to fix.",glass,no,under_2k,fast_track
cla-tr-0549,"FNOL call notes - insured Priya Reyes. Five days ago another driver ran a stop sign and T-boned their 2022 Toyota Camry. The body shop quoted $6,250.",collision,no,2k_to_10k,standard_adjuster
cla-tr-0550,"FNOL call notes - insured Zara Reyes. Insured was rear-ended at a red light 21 days ago in their 2018 Jeep Wrangler. Repair estimate is about $3,350.",collision,no,2k_to_10k,standard_adjuster
cla-tr-0551,"I slid into a guardrail 3 days ago and the front of my 2022 Toyota Camry is crushed. Nobody was hurt. Repair estimate is about $35,350. Policyholder: Arjun Okafor.",collision,no,over_10k,standard_adjuster
cla-tr-0552,Yesterday another driver ran a stop sign and T-boned my 2020 Hyundai Tucson. My passenger broke her wrist and was taken to the ER. The shop says roughly $850 to fix. I only switched to Granite Shield 20 days ago. Policyholder: Olu Tanaka.,collision,yes,under_2k,special_investigations
cla-tr-0553,"FNOL call notes - insured Sofia Kim. Their 2020 Hyundai Tucson was sitting in a flooded parking lot 21 days ago and water got inside. Repair estimate is about $40,900.",weather,no,over_10k,standard_adjuster
cla-tr-0554,"FNOL call notes - insured Noah Mensah. Hail dented the hood and roof of their 2020 Hyundai Tucson 10 days ago. The shop says roughly $2,900 to fix. I've been a Granite Shield customer for 8 years.",weather,no,2k_to_10k,standard_adjuster
cla-tr-0555,"FNOL call notes - insured Mateo Garcia. Insured was rear-ended at a red light yesterday in their 2019 Honda CR-V. Everyone is fine. The shop says roughly $9,200 to fix. Customer since 2017.",collision,no,2k_to_10k,standard_adjuster
cla-tr-0556,"My rear window on the 2021 Tesla Model 3 shattered ten days ago, no other damage. Repair estimate is about $700. Policyholder: Ben Novak.",glass,no,under_2k,fast_track
cla-tr-0557,FNOL call notes - insured Ben Larsen. A tree branch fell on their 2015 Subaru Outback during the storm five days ago. The shop says roughly $300 to fix.,weather,no,under_2k,fast_track
cla-tr-0558,"My 2020 Hyundai Tucson was stolen from my driveway 5 days ago. The car is worth about $15,800. I've been a Granite Shield customer for 3 years. Policyholder: Ben Okafor.",theft,no,over_10k,standard_adjuster
cla-tr-0559,FNOL call notes - insured Luca Tanaka. Insured slid into a guardrail ten days ago and the front of their 2023 Kia Telluride is crushed. I hit my head on the steering wheel and an ambulance took me to the hospital. The body shop quoted $550.,collision,yes,under_2k,senior_adjuster
cla-tr-0560,"My rear window on the 2020 Hyundai Tucson shattered this morning, no other damage. Repair estimate is about $1,300. Policyholder: Kenji Shah.",glass,no,under_2k,fast_track
cla-tr-0561,"I was rear-ended at a red light 5 days ago in my 2017 Ford F-150. Repair estimate is about $6,600. Policyholder: Chen Haddad.",collision,no,2k_to_10k,standard_adjuster
cla-tr-0562,"My 2018 Jeep Wrangler was stolen from my driveway 14 days ago. Kelley Blue Book value is around $5,500. Policyholder: Lily Mensah.",theft,no,2k_to_10k,special_investigations
cla-tr-0563,"FNOL call notes - insured Arjun Mensah. Insured slid into a guardrail this morning and the front of their 2015 Subaru Outback is crushed. No injuries, thankfully. Repair estimate is about $3,500. My Granite Shield policy started 9 days ago.",collision,no,2k_to_10k,special_investigations
cla-tr-0564,"FNOL call notes - insured Hannah Ali. Their 2015 Subaru Outback was stolen from their driveway yesterday. Kelley Blue Book value is around $44,150.",theft,no,over_10k,standard_adjuster
cla-tr-0565,"Vandals spray-painted my 2020 Hyundai Tucson 10 days ago. I'd guess the damage is around $20,050. Policyholder: Omar Shah.",vandalism,no,over_10k,standard_adjuster
cla-tr-0566,"FNOL call notes - insured Fatima Kim. Insured slid into a guardrail this morning and the front of their 2017 Ford F-150 is crushed. I hit my head on the steering wheel and an ambulance took me to the hospital. I'd guess the damage is around $1,250. Customer since 2021.",collision,yes,under_2k,senior_adjuster
cla-tr-0567,"FNOL call notes - insured Yara Haddad. 10 days ago another driver ran a stop sign and T-boned their 2021 Tesla Model 3. The shop says roughly $14,650 to fix. I just took out this policy 12 days ago.",collision,no,over_10k,special_investigations
cla-tr-0568,"FNOL call notes - insured Priya Wang. Their tires were slashed and mirrors smashed ten days ago while parked on the street. Repair estimate is about $1,150.",vandalism,no,under_2k,fast_track
cla-tr-0569,My 2017 Ford F-150 was sitting in a flooded parking lot ten days ago and water got inside. Repair estimate is about $250. Policyholder: Mei Singh.,weather,no,under_2k,fast_track
cla-tr-0570,FNOL call notes - insured Noah Brooks. A rock hit their windshield on the highway 12 days ago and it cracked across the driver's side. The body shop quoted $450. My Granite Shield policy started 12 days ago.,glass,no,under_2k,special_investigations
cla-tr-0571,FNOL call notes - insured Olu Kim. 12 days ago another driver ran a stop sign and T-boned their 2015 Subaru Outback. My neck and back are hurting and I went to urgent care. The shop says roughly $450 to fix. I just took out this policy 9 days ago.,collision,yes,under_2k,special_investigations
cla-tr-0572,"My tires were slashed and mirrors smashed 21 days ago while parked on the street. I'd guess the damage is around $13,650. Policyholder: Lily Murphy.",vandalism,no,over_10k,standard_adjuster
cla-tr-0573,"FNOL call notes - insured Ben Silva. Their tires were slashed and mirrors smashed this morning while parked on the street. The body shop quoted $13,050.",vandalism,no,over_10k,standard_adjuster
cla-tr-0574,"Hail dented the hood and roof of my 2018 Jeep Wrangler 4 days ago. The body shop quoted $5,900. Customer since 2008. Policyholder: Mei Brooks.",weather,no,2k_to_10k,standard_adjuster
cla-tr-0575,10 days ago a stone chipped my windshield and the crack is spreading. The shop says roughly $300 to fix. Policyholder: Yara Patel.,glass,no,under_2k,fast_track
cla-tr-0576,"I was rear-ended at a red light 10 days ago in my 2022 Toyota Camry. Nobody was hurt. The body shop quoted $2,700. Policyholder: Samuel Singh.",collision,no,2k_to_10k,standard_adjuster
cla-tr-0577,"Hail dented the hood and roof of my 2022 Toyota Camry yesterday. The shop says roughly $29,950 to fix. I've been a Granite Shield customer for three years. Policyholder: James Okafor.",weather,no,over_10k,standard_adjuster
cla-tr-0578,"FNOL call notes - insured Fatima Tanaka. Insured was rear-ended at a red light two weeks ago in their 2020 Hyundai Tucson. The body shop quoted $8,650.",collision,no,2k_to_10k,standard_adjuster
cla-tr-0579,"I was rear-ended at a red light yesterday in my 2015 Subaru Outback. Everyone is fine. I'd guess the damage is around $8,400. Policyholder: Olu Mensah.",collision,no,2k_to_10k,standard_adjuster
cla-tr-0580,My 2019 Honda CR-V was stolen from my driveway three days ago. Kelley Blue Book value is around $300. I've been a Granite Shield customer for 5 years. Policyholder: Rachel Tanaka.,theft,no,under_2k,fast_track
cla-tr-0581,"FNOL call notes - insured Fatima Haddad. Someone merged into their lane on the highway 3 days ago and sideswiped their 2017 Ford F-150. Nobody was hurt. The shop says roughly $6,000 to fix. I've been a Granite Shield customer for 7 years.",collision,no,2k_to_10k,standard_adjuster
cla-tr-0582,"FNOL call notes - insured Lily Reyes. Someone merged into their lane on the highway two weeks ago and sideswiped their 2023 Kia Telluride. I hit my head on the steering wheel and an ambulance took me to the hospital. The body shop quoted $4,100. I only switched to Granite Shield 20 days ago.",collision,yes,2k_to_10k,special_investigations
cla-tr-0583,"FNOL call notes - insured Fatima Kim. 2 days ago another driver ran a stop sign and T-boned their 2017 Ford F-150. My passenger broke her wrist and was taken to the ER. I'd guess the damage is around $6,750. Customer since 2024.",collision,yes,2k_to_10k,senior_adjuster
cla-tr-0584,FNOL call notes - insured Mateo Haddad. Hail dented the hood and roof of their 2020 Hyundai Tucson four days ago. The shop says roughly $350 to fix.,weather,no,under_2k,fast_track
cla-tr-0585,"A tree branch fell on my 2020 Hyundai Tucson during the storm 3 days ago. The body shop quoted $3,500. Policyholder: Camila Cohen.",weather,no,2k_to_10k,standard_adjuster
cla-tr-0586,"FNOL call notes - insured Grace Singh. Vandals spray-painted their 2018 Jeep Wrangler 10 days ago. Repair estimate is about $1,200. Customer since 2019.",vandalism,no,under_2k,fast_track
cla-tr-0587,I was rear-ended at a red light 2 days ago in my 2021 Tesla Model 3. Nobody was hurt. I'd guess the damage is around $850. Policyholder: Noah Novak.,collision,no,under_2k,fast_track
cla-tr-0588,FNOL call notes - insured Maria Okafor. Vandals spray-painted their 2020 Hyundai Tucson yesterday. The body shop quoted $300.,vandalism,no,under_2k,fast_track
cla-tr-0589,"FNOL call notes - insured Arjun Singh. Their 2017 Ford F-150 was sitting in a flooded parking lot ten days ago and water got inside. The body shop quoted $5,300. Customer since 2016.",weather,no,2k_to_10k,standard_adjuster
cla-tr-0590,"FNOL call notes - insured Hannah Brooks. Someone merged into their lane on the highway yesterday and sideswiped their 2022 Toyota Camry. My passenger broke her wrist and was taken to the ER. The body shop quoted $19,750. I've been a Granite Shield customer for twelve years.",collision,yes,over_10k,senior_adjuster
cla-tr-0591,"I slid into a guardrail 2 days ago and the front of my 2018 Jeep Wrangler is crushed. The body shop quoted $8,150. I only switched to Granite Shield 9 days ago. Policyholder: Maria Brooks.",collision,no,2k_to_10k,special_investigations
cla-tr-0592,"I slid into a guardrail 21 days ago and the front of my 2015 Subaru Outback is crushed. No injuries, thankfully. The shop says roughly $6,400 to fix. I only switched to Granite Shield 9 days ago. Policyholder: Elena Silva.",collision,no,2k_to_10k,special_investigations
cla-tr-0593,"I slid into a guardrail yesterday and the front of my 2023 Kia Telluride is crushed. No injuries, thankfully. The shop says roughly $7,150 to fix. My Granite Shield policy started 5 days ago. Policyholder: Maria Okafor.",collision,no,2k_to_10k,special_investigations
cla-tr-0594,"FNOL call notes - insured Samuel Reyes. Someone keyed both sides of their 2015 Subaru Outback 2 days ago. Repair estimate is about $2,900. I just took out this policy 12 days ago.",vandalism,no,2k_to_10k,special_investigations
cla-tr-0595,"Vandals spray-painted my 2023 Kia Telluride 21 days ago. The shop says roughly $1,650 to fix. Policyholder: Priya Brooks.",vandalism,no,under_2k,fast_track
cla-tr-0596,"I was rear-ended at a red light yesterday in my 2021 Tesla Model 3. I hit my head on the steering wheel and an ambulance took me to the hospital. The shop says roughly $9,200 to fix. I've been a Granite Shield customer for 1 years. Policyholder: Diego Patel.",collision,yes,2k_to_10k,senior_adjuster
cla-tr-0597,"Someone merged into my lane on the highway yesterday and sideswiped my 2021 Tesla Model 3. Nobody was hurt. I'd guess the damage is around $5,950. Policyholder: Luca Ali.",collision,no,2k_to_10k,standard_adjuster
cla-tr-0598,"This morning a stone chipped my windshield and the crack is spreading. The body shop quoted $1,000. Policyholder: Grace Okafor.",glass,no,under_2k,fast_track
cla-tr-0599,"My 2015 Subaru Outback was sitting in a flooded parking lot ten days ago and water got inside. I'd guess the damage is around $5,350. I've been a Granite Shield customer for ten years. Policyholder: Zara Tanaka.",weather,no,2k_to_10k,standard_adjuster
