id,input,vendor,invoice_number,amount_usd,gl_code,approval
inv-tr-0000,"We are writing to submit invoice no. 526434 in the amount of $38,977.27 for heavy cream, butter and cultured yogurt at your Brookline site, payable 2/10 Net 30. Thanks, Omar Okafor | Rivera Family Farms",Rivera Family Farms,526434,38977.27,5110,hold_new_vendor
inv-tr-0001,"Hi Harvest Table AP team, We are writing to submit invoice no. INV-63298 in the amount of $1,483.00 for heavy cream, butter and cultured yogurt at the Seaport kitchen, payable 2/10 Net 30. Thanks, Mei Mensah | Pinecrest Provisions",Pinecrest Provisions,INV-63298,1483.00,5110,hold_new_vendor
inv-tr-0002,"Hello, Reminder: invoice INV-36290 ($1,728.33) for the weekly cheese order to the Back Bay location has been issued. Terms Net 30. Thank you for your business. Best, Rachel Patel, Accounts Receivable, Pinecrest Provisions",Pinecrest Provisions,INV-36290,1728.33,6200,hold_new_vendor
inv-tr-0003,"Hi Harvest Table AP team, Please find attached invoice 889840 for whole milk and creme fraiche delivered to the Seaport kitchen. Total due: $3,034.68, terms Net 30. Thanks, Yara Dubois | Bay State Dairy",Bay State Dairy,889840,3034.68,5110,manager
inv-tr-0004,"Good morning, Reminder: invoice INV-18922 ($22,522.96) for mozzarella and ricotta for the pizza line to Harvest Table Somerville has been issued. Terms Net 45. Thank you for your business. Thanks, Olu Tanaka | Urban Greens LLC",Urban Greens LLC,INV-18922,22522.96,5110,hold_new_vendor
inv-tr-0005,"We are writing to submit invoice no. INV-43233 in the amount of $4,252.77 for heavy cream, butter and cultured yogurt at your Cambridge restaurant, payable Net 30. Best, Nina Murphy, Accounts Receivable, Coastal Linen Partners",Coastal Linen Partners,INV-43233,4252.77,5110,hold_new_vendor
inv-tr-0006,"Good morning, Reminder: invoice 793677 ($27,407.00) for heavy cream, butter and cultured yogurt to the Seaport kitchen has been issued. Terms Net 45. Thank you for your business. Regards, Fatima Haddad Bay State Dairy",Bay State Dairy,793677,27407.00,5110,cfo
inv-tr-0007,"Reminder: invoice HT-3760-D ($1,010.49) for nitrile gloves and trash liners to your Brookline site has been issued. Terms Net 15. Thank you for your business. Regards, Omar Wang Northshore Fish Market",Northshore Fish Market,HT-3760-D,1010.49,6200,hold_new_vendor
inv-tr-0008,"Good morning, Please find attached invoice C9918 for fryer thermostat replacement delivered to the Seaport kitchen. Total due: $744.87, terms due on receipt. Regards, Lily Ali KitchenTech Repair",KitchenTech Repair,C9918,744.87,5100,auto_approve
inv-tr-0009,"Please find attached invoice C1787 for fresh cod, scallops and littleneck clams delivered to the Seaport kitchen. Total due: $6,241.19, terms Net 15. Thanks, Dev Patel | Atlantic Catch Seafood",Atlantic Catch Seafood,C1787,6241.19,5120,manager
inv-tr-0010,"Invoice #INV-23327 is attached for bar towels and linens rental (your Cambridge restaurant). Amount: $30,415.32. Payment terms: due on receipt. Best, James Reyes, Accounts Receivable, Metro Linen Service",Metro Linen Service,INV-23327,30415.32,6400,cfo
inv-tr-0011,"Good morning, We are writing to submit invoice no. HT-6689-B in the amount of $3,750.63 for chicken thighs and pork shoulder at the commissary kitchen, payable 2/10 Net 30. Thanks, Chen Dubois | Atlantic Catch Seafood",Atlantic Catch Seafood,HT-6689-B,3750.63,5120,manager
inv-tr-0012,"Hello, Please find attached invoice INV-23353 for heavy cream, butter and cultured yogurt delivered to the Seaport kitchen. Total due: $3,875, terms Net 15. Regards, Priya Singh Hilltop Creamery",Hilltop Creamery,INV-23353,3875.00,5110,manager
inv-tr-0013,"Good morning, Reminder: invoice 114464 ($8,092) for organic baby spinach and root vegetables to Harvest Table Somerville has been issued. Terms 2/10 Net 30. Thank you for your business. Thanks, Ibrahim Wang | Green Valley Produce",Green Valley Produce,114464,8092.00,5100,hold_new_vendor
inv-tr-0014,"Dear Accounts Payable, Reminder: invoice INV-48678 ($3,748.01) for repair of the walk-in cooler compressor to your Cambridge restaurant has been issued. Terms Net 30. Thank you for your business. Regards, Lily Mensah KitchenTech Repair",KitchenTech Repair,INV-48678,3748.01,6300,manager
inv-tr-0015,"We are writing to submit invoice no. 717369 in the amount of $8,530 for mozzarella and ricotta for the pizza line at Harvest Table Somerville, payable Net 45. Regards, Hannah Okafor Northshore Fish Market",Northshore Fish Market,717369,8530.00,5110,hold_new_vendor
inv-tr-0016,"We are writing to submit invoice no. 568159 in the amount of $37,506.60 for dish machine detergent and rinse aid at the commissary kitchen, payable Net 15. Thanks, Priya Haddad | CleanPro Supply",CleanPro Supply,568159,37506.60,6200,manager
inv-tr-0017,"Dear Accounts Payable, Attached is our invoice INV-61119 totaling $2,032.00 for napkin and tablecloth service. This covers the delivery to the Back Bay location. Terms are due on receipt. Thanks, Omar Rossi | Urban Greens LLC",Urban Greens LLC,INV-61119,2032.00,5100,hold_new_vendor
inv-tr-0018,"Hello, Reminder: invoice 753716 ($1,203.00) for salmon fillets and shrimp to your Brookline site has been issued. Terms Net 45. Thank you for your business. Best, Ibrahim Ali, Accounts Receivable, Atlantic Catch Seafood",Atlantic Catch Seafood,753716,1203.00,5120,auto_approve
inv-tr-0019,"Attached is our invoice INV-51741 totaling $492.38 for dry-aged ribeyes and short rib. This covers the delivery to your Brookline site. Terms are Net 45. Best, Dev Haddad, Accounts Receivable, Atlantic Catch Seafood",Atlantic Catch Seafood,INV-51741,492.38,6300,auto_approve
inv-tr-0020,"Please find attached invoice B7822 for emergency dishwasher repair delivered to the Seaport kitchen. Total due: $1,454.44, terms Net 30. Thanks, Maria Rossi | KitchenTech Repair",KitchenTech Repair,B7822,1454.44,6300,auto_approve
inv-tr-0021,"Please find attached invoice 413791 for fryer thermostat replacement delivered to the Seaport kitchen. Total due: $21,544.42, terms 2/10 Net 30. Thanks, Rachel Kim | Ace Restaurant Services",Ace Restaurant Services,413791,21544.42,6300,hold_new_vendor
inv-tr-0022,"Invoice #INV-49623 is attached for this week's citrus and stone fruit (your Brookline site). Amount: $1,081.28. Payment terms: due on receipt. Green Valley Produce Billing Dept.",Green Valley Produce,INV-49623,1081.28,5100,auto_approve
inv-tr-0023,"Hello, Please find attached invoice HT-3707-A for nitrile gloves and trash liners delivered to your Cambridge restaurant. Total due: $1,641.00, terms 2/10 Net 30. Thanks, Omar Murphy | Northshore Fish Market",Northshore Fish Market,HT-3707-A,1641.00,6200,hold_new_vendor
inv-tr-0024,"Hello, Invoice #130844 is attached for fresh cod, scallops and littleneck clams (your Brookline site). Amount: $2,049.00. Payment terms: 2/10 Net 30. Best, Camila Cohen, Accounts Receivable, Ace Restaurant Services",Ace Restaurant Services,130844,2049.00,5120,auto_approve
inv-tr-0025,"Good morning, Attached is our invoice INV-10172 totaling $2,193.00 for bar towels and linens rental. This covers the delivery to your Brookline site. Terms are Net 45. Best, Mei Brooks, Accounts Receivable, Metro Linen Service",Metro Linen Service,INV-10172,2193.00,6400,auto_approve
inv-tr-0026,"Good morning, Reminder: invoice C4808 ($2,008.56) for heavy cream, butter and cultured yogurt to your Cambridge restaurant has been issued. Terms Net 45. Thank you for your business. Thanks, Samuel Rossi | Blue Ox Butchers",Blue Ox Butchers,C4808,2008.56,5110,hold_new_vendor
inv-tr-0027,"Dear Accounts Payable, Invoice #HT-9655-D is attached for chef coats and aprons laundering (the commissary kitchen). Amount: $40,784.00. Payment terms: due on receipt. Coastal Linen Partners Billing Dept.",Coastal Linen Partners,HT-9655-D,40784.00,5100,hold_new_vendor
inv-tr-0028,"Hi Harvest Table AP team, Please find attached invoice HT-1462-D for avocados, limes and cilantro delivered to your Cambridge restaurant. Total due: $663.52, terms Net 30. Green Valley Produce Billing Dept.",Green Valley Produce,HT-1462-D,663.52,5100,cfo
inv-tr-0029,"Dear Accounts Payable, Please find attached invoice B1674 for avocados, limes and cilantro delivered to your Brookline site. Total due: $411.33, terms Net 15. Green Valley Produce Billing Dept.",Green Valley Produce,B1674,411.33,5100,auto_approve
inv-tr-0030,"Hello, Reminder: invoice HT-6186-D ($36,536.99) for dish machine detergent and rinse aid to the Back Bay location has been issued. Terms due on receipt. Thank you for your business. Regards, Mei Shah CleanPro Supply",CleanPro Supply,HT-6186-D,36536.99,6200,cfo
inv-tr-0031,"Hi Harvest Table AP team, Please find attached invoice INV-52647 for bar towels and linens rental delivered to the Back Bay location. Total due: $4,913, terms Net 30. Regards, Luca Rossi Metro Linen Service",Metro Linen Service,INV-52647,4913.00,6400,manager
inv-tr-0032,"Good morning, We are writing to submit invoice no. HT-7573-B in the amount of $9,187.47 for the weekly cheese order at your Cambridge restaurant, payable 2/10 Net 30. Best, Noah Kim, Accounts Receivable, Blue Ox Butchers",Blue Ox Butchers,HT-7573-B,9187.47,5100,hold_new_vendor
inv-tr-0033,"Hi Harvest Table AP team, We are writing to submit invoice no. B1541 in the amount of $7,329.13 for heavy cream, butter and cultured yogurt at the Back Bay location, payable Net 30. Best, James Dubois, Accounts Receivable, Hilltop Creamery",Hilltop Creamery,B1541,7329.13,5110,manager
inv-tr-0034,"Hello, Attached is our invoice C7794 totaling $3,285.36 for dry-aged ribeyes and short rib. This covers the delivery to the Back Bay location. Terms are 2/10 Net 30. Regards, Dev Wang Atlantic Catch Seafood",Atlantic Catch Seafood,C7794,3285.36,5120,manager
inv-tr-0035,"Attached is our invoice INV-88134 totaling $1,280.34 for salmon fillets and shrimp. This covers the delivery to your Cambridge restaurant. Terms are Net 15. Thanks, Olu Silva | Prime Cut Meats",Prime Cut Meats,INV-88134,1280.34,5100,auto_approve
inv-tr-0036,"Please find attached invoice INV-48306 for the monthly chemical restock delivered to your Brookline site. Total due: $17,013.34, terms Net 45. Regards, Arjun Ali CleanPro Supply",CleanPro Supply,INV-48306,17013.34,5110,cfo
inv-tr-0037,"Hello, Invoice #HT-9555-C is attached for service call on the combi oven (your Brookline site). Amount: $1,556. Payment terms: Net 30. Thanks, Lily Patel | KitchenTech Repair",KitchenTech Repair,HT-9555-C,1556.00,6300,auto_approve
inv-tr-0038,"Hello, We are writing to submit invoice no. INV-82920 in the amount of $2,074.00 for bar towels and linens rental at your Cambridge restaurant, payable Net 15. Best, Mateo Kim, Accounts Receivable, Urban Greens LLC",Urban Greens LLC,INV-82920,2074.00,6400,hold_new_vendor
inv-tr-0039,"Invoice #HT-9205-A is attached for service call on the combi oven (the Back Bay location). Amount: $34,638.95. Payment terms: 2/10 Net 30. KitchenTech Repair Billing Dept.",KitchenTech Repair,HT-9205-A,34638.95,6300,cfo
inv-tr-0040,"Hi Harvest Table AP team, Attached is our invoice 107810 totaling $770.69 for mozzarella and ricotta for the pizza line. This covers the delivery to the Seaport kitchen. Terms are Net 45. Thanks, Mei Reyes | FixIt Appliance Pros",FixIt Appliance Pros,107810,770.69,5110,hold_new_vendor
inv-tr-0041,"Hello, Please find attached invoice 910827 for fryer thermostat replacement delivered to the Back Bay location. Total due: $3,387.00, terms due on receipt. Sparkle Janitorial Billing Dept.",Sparkle Janitorial,910827,3387.00,6200,hold_new_vendor
inv-tr-0042,"Good morning, Invoice #HT-2237-B is attached for fresh cod, scallops and littleneck clams (your Brookline site). Amount: $6,304.50. Payment terms: Net 15. Thanks, Elena Kim | Atlantic Catch Seafood",Atlantic Catch Seafood,HT-2237-B,6304.50,5120,manager
inv-tr-0043,"Hi Harvest Table AP team, Reminder: invoice 631492 ($7,584.22) for heavy cream, butter and cultured yogurt to your Cambridge restaurant has been issued. Terms Net 30. Thank you for your business. Regards, Noah Okafor Bay State Dairy",Bay State Dairy,631492,7584.22,5110,manager
inv-tr-0044,"Hello, We are writing to submit invoice no. B4734 in the amount of $33,407.57 for romaine, heirloom tomatoes and fresh herbs at the Seaport kitchen, payable 2/10 Net 30. Coastal Linen Partners Billing Dept.",Coastal Linen Partners,B4734,33407.57,5100,hold_new_vendor
inv-tr-0045,"Please find attached invoice A3772 for avocados, limes and cilantro delivered to the Seaport kitchen. Total due: $515.00, terms Net 45. Thanks, Arjun Silva | Pinecrest Provisions",Pinecrest Provisions,A3772,515.00,6200,hold_new_vendor
inv-tr-0046,"Good morning, Attached is our invoice INV-12480 totaling $283.52 for salmon fillets and shrimp. This covers the delivery to the commissary kitchen. Terms are Net 30. Thanks, Yara Dubois | Atlantic Catch Seafood",Atlantic Catch Seafood,INV-12480,283.52,5120,auto_approve
inv-tr-0047,"Dear Accounts Payable, Reminder: invoice INV-11592 ($2,107.53) for mozzarella and ricotta for the pizza line to the commissary kitchen has been issued. Terms Net 30. Thank you for your business. Thanks, Dev Garcia | Bay State Dairy",Bay State Dairy,INV-11592,2107.53,5110,auto_approve
inv-tr-0048,"Hi Harvest Table AP team, Reminder: invoice 769708 ($6,995.99) for organic baby spinach and root vegetables to your Cambridge restaurant has been issued. Terms Net 45. Thank you for your business. Green Valley Produce Billing Dept.",Green Valley Produce,769708,6995.99,5100,manager
inv-tr-0049,"Please find attached invoice HT-1884-D for organic baby spinach and root vegetables delivered to the Back Bay location. Total due: $1,647.62, terms Net 30. Best, Samuel Silva, Accounts Receivable, Green Valley Produce",Green Valley Produce,HT-1884-D,1647.62,5100,auto_approve
inv-tr-0050,"Dear Accounts Payable, Attached is our invoice INV-89957 totaling $1,563.83 for chicken thighs and pork shoulder. This covers the delivery to the Seaport kitchen. Terms are Net 15. Best, Hannah Haddad, Accounts Receivable, Northshore Fish Market",Northshore Fish Market,INV-89957,1563.83,5120,hold_new_vendor
inv-tr-0051,"We are writing to submit invoice no. 818353 in the amount of $35,083 for heavy cream, butter and cultured yogurt at Harvest Table Somerville, payable 2/10 Net 30. Hilltop Creamery Billing Dept.",Hilltop Creamery,818353,35083.00,5110,cfo
inv-tr-0052,"Hi Harvest Table AP team, Please find attached invoice HT-6055-B for mozzarella and ricotta for the pizza line delivered to your Brookline site. Total due: $8,728.31, terms Net 45. Hilltop Creamery Billing Dept.",Hilltop Creamery,HT-6055-B,8728.31,5110,manager
inv-tr-0053,"Good morning, Attached is our invoice 515363 totaling $830.53 for heavy cream, butter and cultured yogurt. This covers the delivery to your Cambridge restaurant. Terms are Net 30. Regards, Ben Haddad Bay State Dairy",Bay State Dairy,515363,830.53,5110,manager
inv-tr-0054,"Hi Harvest Table AP team, Please find attached invoice HT-5145-C for heavy cream, butter and cultured yogurt delivered to the Back Bay location. Total due: $8,632.91, terms due on receipt. Regards, Priya Larsen Bay State Dairy",Bay State Dairy,HT-5145-C,8632.91,5110,manager
inv-tr-0055,"Good morning, Invoice #C3595 is attached for heavy cream, butter and cultured yogurt (the commissary kitchen). Amount: $29,866.13. Payment terms: due on receipt. Regards, Luca Haddad Hilltop Creamery",Hilltop Creamery,C3595,29866.13,6400,cfo
inv-tr-0056,"Hi Harvest Table AP team, Invoice #234279 is attached for bar towels and linens rental (the commissary kitchen). Amount: $3,298.66. Payment terms: Net 15. Regards, Priya Cohen Metro Linen Service",Metro Linen Service,234279,3298.66,6400,manager
inv-tr-0057,"Hi Harvest Table AP team, Please find attached invoice 917458 for the monthly chemical restock delivered to the Seaport kitchen. Total due: $26,719.09, terms Net 30. Best, Diego Ali, Accounts Receivable, CleanPro Supply",CleanPro Supply,917458,26719.09,6200,cfo
inv-tr-0058,"Hi Harvest Table AP team, Reminder: invoice A6224 ($4,076) for chicken thighs and pork shoulder to your Brookline site has been issued. Terms 2/10 Net 30. Thank you for your business. Regards, James Okafor Ace Restaurant Services",Ace Restaurant Services,A6224,4076.00,5120,hold_new_vendor
inv-tr-0059,"Hi Harvest Table AP team, Attached is our invoice INV-82590 totaling $4,469.76 for emergency dishwasher repair. This covers the delivery to the Back Bay location. Terms are Net 15. Regards, Diego Brooks KitchenTech Repair",KitchenTech Repair,INV-82590,4469.76,6300,manager
inv-tr-0060,"We are writing to submit invoice no. HT-8119-E in the amount of $1,580 for organic baby spinach and root vegetables at the Seaport kitchen, payable due on receipt. Thanks, Zara Mensah | Sunrise Farms Co-op",Sunrise Farms Co-op,HT-8119-E,1580.00,5100,auto_approve
inv-tr-0061,"Hello, Please find attached invoice B6316 for salmon fillets and shrimp delivered to the Back Bay location. Total due: $692.00, terms Net 45. Thanks, Tom Brooks | Atlantic Catch Seafood",Atlantic Catch Seafood,B6316,692.00,6400,auto_approve
inv-tr-0062,"Hi Harvest Table AP team, We are writing to submit invoice no. HT-2370-A in the amount of $483.58 for dry-aged ribeyes and short rib at the Seaport kitchen, payable Net 45. Thanks, Olu Kim | Atlantic Catch Seafood",Atlantic Catch Seafood,HT-2370-A,483.58,5120,auto_approve
inv-tr-0063,"Invoice #A2014 is attached for organic baby spinach and root vegetables (your Brookline site). Amount: $25,443.54. Payment terms: Net 30. Regards, Fatima Cohen Green Valley Produce",Green Valley Produce,A2014,25443.54,5100,cfo
inv-tr-0064,"Good morning, Please find attached invoice HT-4366-D for the monthly chemical restock delivered to your Cambridge restaurant. Total due: $30,023.00, terms due on receipt. CleanPro Supply Billing Dept.",CleanPro Supply,HT-4366-D,30023.00,6200,manager
inv-tr-0065,"Hello, Invoice #INV-50254 is attached for service call on the combi oven (Harvest Table Somerville). Amount: $1,937.20. Payment terms: Net 30. Thanks, Mei Reyes | FixIt Appliance Pros",FixIt Appliance Pros,INV-50254,1937.20,6300,hold_new_vendor
inv-tr-0066,"Hello, Invoice #A9986 is attached for romaine, heirloom tomatoes and fresh herbs (your Brookline site). Amount: $35,824.01. Payment terms: Net 15. Best, Ben Singh, Accounts Receivable, Urban Greens LLC",Urban Greens LLC,A9986,35824.01,5100,hold_new_vendor
inv-tr-0067,"Good morning, We are writing to submit invoice no. A8650 in the amount of $327.00 for emergency dishwasher repair at the Seaport kitchen, payable due on receipt. Best, Kenji Garcia, Accounts Receivable, FixIt Appliance Pros",FixIt Appliance Pros,A8650,327.00,6300,hold_new_vendor
inv-tr-0068,"Hi Harvest Table AP team, Invoice #HT-3118-A is attached for bar towels and linens rental (Harvest Table Somerville). Amount: $3,660. Payment terms: Net 15. Thanks, Chen Tanaka | Metro Linen Service",Metro Linen Service,HT-3118-A,3660.00,5120,manager
inv-tr-0069,"Invoice #447823 is attached for service call on the combi oven (the Seaport kitchen). Amount: $6,657.00. Payment terms: Net 30. Thanks, Olu Wang | Pinecrest Provisions",Pinecrest Provisions,447823,6657.00,6300,hold_new_vendor
inv-tr-0070,"Hi Harvest Table AP team, Please find attached invoice 172907 for avocados, limes and cilantro delivered to your Brookline site. Total due: $265, terms due on receipt. Best, Nina Mensah, Accounts Receivable, Green Valley Produce",Green Valley Produce,172907,265.00,5100,auto_approve
inv-tr-0071,"Hi Harvest Table AP team, Attached is our invoice HT-8254-B totaling $1,478.86 for organic baby spinach and root vegetables. This covers the delivery to your Brookline site. Terms are due on receipt. Regards, Noah Murphy Northshore Fish Market",Northshore Fish Market,HT-8254-B,1478.86,5100,hold_new_vendor
inv-tr-0072,"Reminder: invoice B6011 ($1,572.00) for nitrile gloves and trash liners to your Cambridge restaurant has been issued. Terms 2/10 Net 30. Thank you for your business. Best, Mateo Wang, Accounts Receivable, CleanPro Supply",CleanPro Supply,B6011,1572.00,6200,auto_approve
inv-tr-0073,"Good morning, Invoice #B9130 is attached for fresh cod, scallops and littleneck clams (Harvest Table Somerville). Amount: $364.13. Payment terms: due on receipt. Regards, Mei Singh Atlantic Catch Seafood",Atlantic Catch Seafood,B9130,364.13,5120,manager
inv-tr-0074,"Good morning, Reminder: invoice 128474 ($9,054.94) for this week's citrus and stone fruit to the Back Bay location has been issued. Terms Net 15. Thank you for your business. Regards, Ibrahim Novak Urban Greens LLC",Urban Greens LLC,128474,9054.94,5100,hold_new_vendor
inv-tr-0075,"Invoice #934036 is attached for napkin and tablecloth service (the Back Bay location). Amount: $7,961.37. Payment terms: due on receipt. Thanks, Elena Patel | Golden Meadow Dairy",Golden Meadow Dairy,934036,7961.37,6400,hold_new_vendor
inv-tr-0076,"Dear Accounts Payable, We are writing to submit invoice no. HT-2485-B in the amount of $285.65 for the weekly cheese order at Harvest Table Somerville, payable Net 30. Ace Restaurant Services Billing Dept.",Ace Restaurant Services,HT-2485-B,285.65,5110,hold_new_vendor
inv-tr-0077,"Reminder: invoice INV-83541 ($1,507.18) for this week's citrus and stone fruit to your Brookline site has been issued. Terms due on receipt. Thank you for your business. Rivera Family Farms Billing Dept.",Rivera Family Farms,INV-83541,1507.18,5100,cfo
inv-tr-0078,"Hi Harvest Table AP team, Invoice #526029 is attached for chicken thighs and pork shoulder (the Seaport kitchen). Amount: $877.91. Payment terms: Net 15. Regards, James Dubois Prime Cut Meats",Prime Cut Meats,526029,877.91,6200,auto_approve
inv-tr-0079,"Hi Harvest Table AP team, Invoice #353907 is attached for the monthly chemical restock (the Seaport kitchen). Amount: $1,688.45. Payment terms: Net 45. Coastal Linen Partners Billing Dept.",Coastal Linen Partners,353907,1688.45,6200,hold_new_vendor
inv-tr-0080,"Attached is our invoice HT-7028-C totaling $240.28 for avocados, limes and cilantro. This covers the delivery to the commissary kitchen. Terms are Net 15. Regards, Nina Ali Sunrise Farms Co-op",Sunrise Farms Co-op,HT-7028-C,240.28,5100,auto_approve
inv-tr-0081,"Hi Harvest Table AP team, Attached is our invoice INV-94157 totaling $1,865.30 for fresh cod, scallops and littleneck clams. This covers the delivery to your Brookline site. Terms are due on receipt. Best, Yara Silva, Accounts Receivable, Urban Greens LLC",Urban Greens LLC,INV-94157,1865.30,6400,hold_new_vendor
inv-tr-0082,"Good morning, Attached is our invoice 526604 totaling $775.47 for dry-aged ribeyes and short rib. This covers the delivery to your Brookline site. Terms are Net 45. Prime Cut Meats Billing Dept.",Prime Cut Meats,526604,775.47,5120,auto_approve
inv-tr-0083,"Dear Accounts Payable, We are writing to submit invoice no. HT-2089-D in the amount of $38,756.41 for dish machine detergent and rinse aid at the commissary kitchen, payable Net 45. Regards, Mateo Ali Northshore Fish Market",Northshore Fish Market,HT-2089-D,38756.41,6200,cfo
inv-tr-0084,"Hello, Attached is our invoice A8505 totaling $1,215 for the weekly cheese order. This covers the delivery to your Brookline site. Terms are Net 45. Bay State Dairy Billing Dept.",Bay State Dairy,A8505,1215.00,5100,auto_approve
inv-tr-0085,"Reminder: invoice INV-91891 ($21,371.65) for service call on the combi oven to your Brookline site has been issued. Terms due on receipt. Thank you for your business. Regards, Samuel Cohen KitchenTech Repair",KitchenTech Repair,INV-91891,21371.65,6300,cfo
inv-tr-0086,"Attached is our invoice INV-40138 totaling $15,537.63 for the weekly cheese order. This covers the delivery to your Cambridge restaurant. Terms are 2/10 Net 30. Rivera Family Farms Billing Dept.",Rivera Family Farms,INV-40138,15537.63,5110,hold_new_vendor
inv-tr-0087,"Dear Accounts Payable, Please find attached invoice A2219 for service call on the combi oven delivered to your Brookline site. Total due: $2,057.00, terms Net 30. Best, Diego Kim, Accounts Receivable, KitchenTech Repair",KitchenTech Repair,A2219,2057.00,6300,auto_approve
inv-tr-0088,"Hello, Please find attached invoice HT-1806-E for chef coats and aprons laundering delivered to the Seaport kitchen. Total due: $3,302.26, terms due on receipt. Thanks, Camila Okafor | Ace Restaurant Services",Ace Restaurant Services,HT-1806-E,3302.26,6400,hold_new_vendor
inv-tr-0089,"Good morning, We are writing to submit invoice no. HT-4772-B in the amount of $1,660 for avocados, limes and cilantro at your Cambridge restaurant, payable Net 30. Regards, Tom Dubois Green Valley Produce",Green Valley Produce,HT-4772-B,1660.00,5110,auto_approve
inv-tr-0090,"Good morning, We are writing to submit invoice no. INV-43656 in the amount of $2,961.49 for bar towels and linens rental at your Cambridge restaurant, payable Net 45. Best, Mei Patel, Accounts Receivable, Metro Linen Service",Metro Linen Service,INV-43656,2961.49,6400,manager
inv-tr-0091,"Good morning, Invoice #INV-95522 is attached for salmon fillets and shrimp (the Seaport kitchen). Amount: $3,099.77. Payment terms: due on receipt. Regards, Mateo Dubois Blue Ox Butchers",Blue Ox Butchers,INV-95522,3099.77,6200,hold_new_vendor
inv-tr-0092,"Hello, Invoice #413674 is attached for heavy cream, butter and cultured yogurt (the Back Bay location). Amount: $7,103.85. Payment terms: 2/10 Net 30. Thanks, Rachel Tanaka | Blue Ox Butchers",Blue Ox Butchers,413674,7103.85,5110,hold_new_vendor
inv-tr-0093,"Hello, Please find attached invoice 678843 for the monthly chemical restock delivered to the Seaport kitchen. Total due: $415.65, terms Net 30. Regards, Zara Novak CleanPro Supply",CleanPro Supply,678843,415.65,6200,auto_approve
inv-tr-0094,"Dear Accounts Payable, Please find attached invoice B5406 for whole milk and creme fraiche delivered to your Cambridge restaurant. Total due: $39,345.00, terms Net 30. Best, Diego Patel, Accounts Receivable, Sparkle Janitorial",Sparkle Janitorial,B5406,39345.00,5110,hold_new_vendor
inv-tr-0095,"Dear Accounts Payable, Attached is our invoice A1963 totaling $1,335.00 for organic baby spinach and root vegetables. This covers the delivery to the Seaport kitchen. Terms are due on receipt. Thanks, James Patel | Sunrise Farms Co-op",Sunrise Farms Co-op,A1963,1335.00,6400,auto_approve
inv-tr-0096,"Hello, Attached is our invoice 874058 totaling $1,256.99 for the monthly chemical restock. This covers the delivery to your Cambridge restaurant. Terms are Net 45. Best, Dev Patel, Accounts Receivable, CleanPro Supply",CleanPro Supply,874058,1256.99,6200,auto_approve
inv-tr-0097,"Hello, Reminder: invoice 340079 ($1,930.57) for service call on the combi oven to your Cambridge restaurant has been issued. Terms Net 45. Thank you for your business. Regards, Rachel Mensah Sparkle Janitorial",Sparkle Janitorial,340079,1930.57,6300,hold_new_vendor
inv-tr-0098,"Hi Harvest Table AP team, Please find attached invoice INV-46408 for chicken thighs and pork shoulder delivered to Harvest Table Somerville. Total due: $1,289.60, terms 2/10 Net 30. Prime Cut Meats Billing Dept.",Prime Cut Meats,INV-46408,1289.60,5120,cfo
inv-tr-0099,"Hello, We are writing to submit invoice no. INV-32504 in the amount of $1,272.08 for nitrile gloves and trash liners at the Seaport kitchen, payable 2/10 Net 30. Ace Restaurant Services Billing Dept.",Ace Restaurant Services,INV-32504,1272.08,6200,hold_new_vendor
inv-tr-0100,"Dear Accounts Payable, Reminder: invoice HT-8953-D ($1,987.06) for bar towels and linens rental to your Brookline site has been issued. Terms Net 30. Thank you for your business. Metro Linen Service Billing Dept.",Metro Linen Service,HT-8953-D,1987.06,6400,auto_approve
inv-tr-0101,"Hello, Please find attached invoice 853156 for romaine, heirloom tomatoes and fresh herbs delivered to the Seaport kitchen. Total due: $12,716.70, terms due on receipt. Regards, Elena Singh Green Valley Produce",Green Valley Produce,853156,12716.70,5100,cfo
inv-tr-0102,"Hello, Reminder: invoice 217630 ($6,839.26) for this week's citrus and stone fruit to the Seaport kitchen has been issued. Terms due on receipt. Thank you for your business. Thanks, Fatima Brooks | Green Valley Produce",Green Valley Produce,217630,6839.26,5100,manager
inv-tr-0103,"Good morning, Attached is our invoice HT-4257-A totaling $1,269.00 for chicken thighs and pork shoulder. This covers the delivery to the Back Bay location. Terms are due on receipt. Golden Meadow Dairy Billing Dept.",Golden Meadow Dairy,HT-4257-A,1269.00,5120,hold_new_vendor
inv-tr-0104,"Good morning, Please find attached invoice INV-17594 for organic baby spinach and root vegetables delivered to the Back Bay location. Total due: $2,103.97, terms Net 30. Thanks, Kenji Rossi | Sunrise Farms Co-op",Sunrise Farms Co-op,INV-17594,2103.97,6300,auto_approve
inv-tr-0105,"Hello, We are writing to submit invoice no. 983148 in the amount of $14,140.59 for dry-aged ribeyes and short rib at your Cambridge restaurant, payable due on receipt. Thanks, Aisha Novak | Coastal Linen Partners",Coastal Linen Partners,983148,14140.59,5120,auto_approve
inv-tr-0106,"Reminder: invoice INV-48322 ($8,119.80) for romaine, heirloom tomatoes and fresh herbs to Harvest Table Somerville has been issued. Terms 2/10 Net 30. Thank you for your business. Thanks, Dev Wang | Sunrise Farms Co-op",Sunrise Farms Co-op,INV-48322,8119.80,5100,auto_approve
inv-tr-0107,"Good morning, Reminder: invoice INV-73863 ($7,241.78) for salmon fillets and shrimp to the Seaport kitchen has been issued. Terms Net 30. Thank you for your business. Atlantic Catch Seafood Billing Dept.",Atlantic Catch Seafood,INV-73863,7241.78,5120,manager
inv-tr-0108,"Hi Harvest Table AP team, Please find attached invoice 901772 for avocados, limes and cilantro delivered to Harvest Table Somerville. Total due: $3,979.37, terms Net 30. Best, Kenji Reyes, Accounts Receivable, Blue Ox Butchers",Blue Ox Butchers,901772,3979.37,5100,hold_new_vendor
inv-tr-0109,"Attached is our invoice A8735 totaling $6,645.00 for organic baby spinach and root vegetables. This covers the delivery to your Cambridge restaurant. Terms are Net 45. Thanks, Zara Reyes | FixIt Appliance Pros",FixIt Appliance Pros,A8735,6645.00,5100,hold_new_vendor
inv-tr-0110,"Hi Harvest Table AP team, Invoice #C3989 is attached for heavy cream, butter and cultured yogurt (your Cambridge restaurant). Amount: $2,118.00. Payment terms: Net 45. Hilltop Creamery Billing Dept.",Hilltop Creamery,C3989,2118.00,5110,auto_approve
inv-tr-0111,"Good morning, Reminder: invoice A7914 ($24,499.40) for dish machine detergent and rinse aid to the Back Bay location has been issued. Terms Net 45. Thank you for your business. Regards, Rachel Haddad CleanPro Supply",CleanPro Supply,A7914,24499.40,6200,cfo
inv-tr-0112,"Hello, Invoice #B3112 is attached for the monthly chemical restock (Harvest Table Somerville). Amount: $1,505. Payment terms: Net 45. Thanks, Diego Cohen | CleanPro Supply",CleanPro Supply,B3112,1505.00,6200,auto_approve
inv-tr-0113,"Good morning, Reminder: invoice INV-56528 ($2,153.67) for bar towels and linens rental to your Cambridge restaurant has been issued. Terms Net 45. Thank you for your business. Regards, Aisha Larsen Metro Linen Service",Metro Linen Service,INV-56528,2153.67,6400,auto_approve
inv-tr-0114,"Hello, Please find attached invoice 996112 for fryer thermostat replacement delivered to the commissary kitchen. Total due: $8,107.31, terms 2/10 Net 30. KitchenTech Repair Billing Dept.",KitchenTech Repair,996112,8107.31,6400,manager
inv-tr-0115,Attached is our invoice 865813 totaling $554.40 for the weekly cheese order. This covers the delivery to Harvest Table Somerville. Terms are due on receipt. Urban Greens LLC Billing Dept.,Urban Greens LLC,865813,554.40,5110,hold_new_vendor
inv-tr-0116,"Hi Harvest Table AP team, Please find attached invoice 391314 for salmon fillets and shrimp delivered to the Back Bay location. Total due: $8,195.72, terms Net 30. Best, Maria Ali, Accounts Receivable, Prime Cut Meats",Prime Cut Meats,391314,8195.72,5120,manager
inv-tr-0117,"Good morning, Attached is our invoice HT-8384-A totaling $16,259.00 for degreaser, sanitizer and floor cleaner. This covers the delivery to the commissary kitchen. Terms are Net 30. CleanPro Supply Billing Dept.",CleanPro Supply,HT-8384-A,16259.00,5100,cfo
inv-tr-0118,"Dear Accounts Payable, We are writing to submit invoice no. 763871 in the amount of $36,022.00 for organic baby spinach and root vegetables at your Cambridge restaurant, payable 2/10 Net 30. Best, Dev Haddad, Accounts Receivable, Blue Ox Butchers",Blue Ox Butchers,763871,36022.00,5100,hold_new_vendor
inv-tr-0119,"Dear Accounts Payable, Please find attached invoice INV-34086 for romaine, heirloom tomatoes and fresh herbs delivered to the Back Bay location. Total due: $34,940.99, terms due on receipt. Sunrise Farms Co-op Billing Dept.",Sunrise Farms Co-op,INV-34086,34940.99,5100,cfo
inv-tr-0120,"Dear Accounts Payable, Attached is our invoice 177074 totaling $3,964.00 for dish machine detergent and rinse aid. This covers the delivery to the Seaport kitchen. Terms are Net 15. Regards, Mateo Tanaka CleanPro Supply",CleanPro Supply,177074,3964.00,6400,manager
inv-tr-0121,"Hi Harvest Table AP team, Invoice #158108 is attached for mozzarella and ricotta for the pizza line (your Cambridge restaurant). Amount: $7,939.78. Payment terms: due on receipt. Hilltop Creamery Billing Dept.",Hilltop Creamery,158108,7939.78,6400,manager
inv-tr-0122,"Hello, Please find attached invoice HT-4622-A for heavy cream, butter and cultured yogurt delivered to your Cambridge restaurant. Total due: $792.54, terms due on receipt. Thanks, Grace Singh | Hilltop Creamery",Hilltop Creamery,HT-4622-A,792.54,5110,auto_approve
inv-tr-0123,"Hello, Reminder: invoice B8566 ($22,647.00) for chef coats and aprons laundering to Harvest Table Somerville has been issued. Terms Net 15. Thank you for your business. Metro Linen Service Billing Dept.",Metro Linen Service,B8566,22647.00,6400,cfo
inv-tr-0124,"Hello, Reminder: invoice HT-8230-D ($7,534.00) for whole milk and creme fraiche to your Cambridge restaurant has been issued. Terms due on receipt. Thank you for your business. Best, Diego Dubois, Accounts Receivable, Bay State Dairy",Bay State Dairy,HT-8230-D,7534.00,5110,manager
inv-tr-0125,"Hello, Reminder: invoice HT-6003-E ($8,732) for mozzarella and ricotta for the pizza line to the Seaport kitchen has been issued. Terms 2/10 Net 30. Thank you for your business. Best, Camila Silva, Accounts Receivable, Bay State Dairy",Bay State Dairy,HT-6003-E,8732.00,6200,manager
inv-tr-0126,"Hi Harvest Table AP team, Invoice #HT-7143-E is attached for this week's citrus and stone fruit (your Brookline site). Amount: $16,407.54. Payment terms: 2/10 Net 30. Thanks, Rachel Murphy | Sunrise Farms Co-op",Sunrise Farms Co-op,HT-7143-E,16407.54,5100,cfo
inv-tr-0127,"Please find attached invoice A3444 for this week's citrus and stone fruit delivered to the Back Bay location. Total due: $7,358.71, terms 2/10 Net 30. Regards, Hannah Shah Green Valley Produce",Green Valley Produce,A3444,7358.71,5100,auto_approve
inv-tr-0128,"Good morning, Attached is our invoice 264977 totaling $1,506.83 for mozzarella and ricotta for the pizza line. This covers the delivery to the Back Bay location. Terms are Net 45. Thanks, Maria Kim | Hilltop Creamery",Hilltop Creamery,264977,1506.83,5110,auto_approve
inv-tr-0129,"Hello, Reminder: invoice HT-7427-B ($3,701.49) for fresh cod, scallops and littleneck clams to your Cambridge restaurant has been issued. Terms Net 15. Thank you for your business. Atlantic Catch Seafood Billing Dept.",Atlantic Catch Seafood,HT-7427-B,3701.49,5120,manager
inv-tr-0130,"Hello, Attached is our invoice INV-68523 totaling $7,751 for fresh cod, scallops and littleneck clams. This covers the delivery to the Back Bay location. Terms are 2/10 Net 30. Urban Greens LLC Billing Dept.",Urban Greens LLC,INV-68523,7751.00,5120,hold_new_vendor
inv-tr-0131,"Good morning, Attached is our invoice A7602 totaling $187.50 for organic baby spinach and root vegetables. This covers the delivery to your Brookline site. Terms are due on receipt. Sunrise Farms Co-op Billing Dept.",Sunrise Farms Co-op,A7602,187.50,5100,cfo
inv-tr-0132,"Good morning, We are writing to submit invoice no. A8804 in the amount of $1,469.60 for romaine, heirloom tomatoes and fresh herbs at the Back Bay location, payable due on receipt. Regards, Noah Shah Green Valley Produce",Green Valley Produce,A8804,1469.60,5100,hold_new_vendor
inv-tr-0133,"Hello, Please find attached invoice 580499 for chicken thighs and pork shoulder delivered to your Brookline site. Total due: $3,951.00, terms Net 30. Regards, Zara Shah Prime Cut Meats",Prime Cut Meats,580499,3951.00,5120,manager
inv-tr-0134,"Hello, We are writing to submit invoice no. 613450 in the amount of $5,598.71 for mozzarella and ricotta for the pizza line at your Brookline site, payable 2/10 Net 30. Best, Tom Okafor, Accounts Receivable, Hilltop Creamery",Hilltop Creamery,613450,5598.71,5110,auto_approve
inv-tr-0135,"Reminder: invoice C7412 ($2,999.00) for heavy cream, butter and cultured yogurt to the Seaport kitchen has been issued. Terms 2/10 Net 30. Thank you for your business. Thanks, Nina Ali | Bay State Dairy",Bay State Dairy,C7412,2999.00,5110,manager
inv-tr-0136,"Hi Harvest Table AP team, We are writing to submit invoice no. HT-3326-C in the amount of $858.04 for napkin and tablecloth service at your Cambridge restaurant, payable Net 15. Regards, Aisha Patel Metro Linen Service",Metro Linen Service,HT-3326-C,858.04,5120,auto_approve
inv-tr-0137,"Dear Accounts Payable, We are writing to submit invoice no. INV-96624 in the amount of $17,868.78 for chicken thighs and pork shoulder at your Brookline site, payable Net 30. Best, Mei Larsen, Accounts Receivable, Atlantic Catch Seafood",Atlantic Catch Seafood,INV-96624,17868.78,5110,cfo
inv-tr-0138,"Good morning, Attached is our invoice INV-87840 totaling $1,456.21 for bar towels and linens rental. This covers the delivery to the Back Bay location. Terms are 2/10 Net 30. Regards, Lily Reyes Metro Linen Service",Metro Linen Service,INV-87840,1456.21,6400,auto_approve
inv-tr-0139,"Good morning, Reminder: invoice HT-6731-E ($11,398.00) for avocados, limes and cilantro to your Cambridge restaurant has been issued. Terms Net 30. Thank you for your business. Best, Maria Garcia, Accounts Receivable, Green Valley Produce",Green Valley Produce,HT-6731-E,11398.00,5100,cfo
inv-tr-0140,"Good morning, Please find attached invoice A1898 for napkin and tablecloth service delivered to Harvest Table Somerville. Total due: $907.20, terms 2/10 Net 30. Best, Elena Rossi, Accounts Receivable, Urban Greens LLC",Urban Greens LLC,A1898,907.20,6400,hold_new_vendor
inv-tr-0141,"Dear Accounts Payable, Invoice #500073 is attached for the weekly cheese order (the Back Bay location). Amount: $35,855.00. Payment terms: Net 45. Thanks, Kenji Ali | Blue Ox Butchers",Blue Ox Butchers,500073,35855.00,5110,hold_new_vendor
inv-tr-0142,"Hi Harvest Table AP team, Attached is our invoice C1316 totaling $548.12 for the weekly cheese order. This covers the delivery to Harvest Table Somerville. Terms are Net 45. Best, Olu Novak, Accounts Receivable, Bay State Dairy",Bay State Dairy,C1316,548.12,5110,manager
inv-tr-0143,"Hello, Reminder: invoice HT-9128-D ($490.74) for bar towels and linens rental to your Cambridge restaurant has been issued. Terms 2/10 Net 30. Thank you for your business. Thanks, Arjun Garcia | Metro Linen Service",Metro Linen Service,HT-9128-D,490.74,5100,auto_approve
inv-tr-0144,"Dear Accounts Payable, Attached is our invoice INV-54878 totaling $3,103.88 for chicken thighs and pork shoulder. This covers the delivery to the Seaport kitchen. Terms are Net 45. Thanks, Tom Murphy | Prime Cut Meats",Prime Cut Meats,INV-54878,3103.88,5120,cfo
inv-tr-0145,"Attached is our invoice INV-87317 totaling $20,647.50 for repair of the walk-in cooler compressor. This covers the delivery to the Back Bay location. Terms are Net 45. Best, Olu Larsen, Accounts Receivable, KitchenTech Repair",KitchenTech Repair,INV-87317,20647.50,5110,cfo
inv-tr-0146,"Hello, We are writing to submit invoice no. A4527 in the amount of $3,035.19 for bar towels and linens rental at the Back Bay location, payable Net 45. Thanks, Chen Tanaka | Metro Linen Service",Metro Linen Service,A4527,3035.19,5100,manager
inv-tr-0147,"Good morning, Invoice #B4516 is attached for fryer thermostat replacement (the Seaport kitchen). Amount: $18,246.92. Payment terms: due on receipt. Thanks, Kenji Silva | KitchenTech Repair",KitchenTech Repair,B4516,18246.92,6300,auto_approve
inv-tr-0148,"Hi Harvest Table AP team, Reminder: invoice 362149 ($37,174.56) for napkin and tablecloth service to your Brookline site has been issued. Terms 2/10 Net 30. Thank you for your business. Thanks, Nina Singh | Metro Linen Service",Metro Linen Service,362149,37174.56,6400,cfo
inv-tr-0149,"Hello, Please find attached invoice 315595 for salmon fillets and shrimp delivered to your Cambridge restaurant. Total due: $791.65, terms Net 15. Regards, Lily Kim Prime Cut Meats",Prime Cut Meats,315595,791.65,5120,auto_approve
inv-tr-0150,"Please find attached invoice 350628 for heavy cream, butter and cultured yogurt delivered to the Back Bay location. Total due: $845.00, terms Net 15. Thanks, Maria Silva | Rivera Family Farms",Rivera Family Farms,350628,845.00,5110,hold_new_vendor
inv-tr-0151,"Good morning, Please find attached invoice HT-6565-B for repair of the walk-in cooler compressor delivered to Harvest Table Somerville. Total due: $850.00, terms 2/10 Net 30. Regards, Aisha Patel KitchenTech Repair",KitchenTech Repair,HT-6565-B,850.00,6300,auto_approve
inv-tr-0152,"Hi Harvest Table AP team, Attached is our invoice INV-94205 totaling $3,584.04 for organic baby spinach and root vegetables. This covers the delivery to the commissary kitchen. Terms are due on receipt. Green Valley Produce Billing Dept.",Green Valley Produce,INV-94205,3584.04,5100,hold_new_vendor
inv-tr-0153,"Hi Harvest Table AP team, Reminder: invoice B6239 ($1,478.66) for fresh cod, scallops and littleneck clams to the Back Bay location has been issued. Terms Net 30. Thank you for your business. Thanks, Noah Mensah | Atlantic Catch Seafood",Atlantic Catch Seafood,B6239,1478.66,5100,auto_approve
inv-tr-0154,"Good morning, Reminder: invoice HT-5644-A ($5,075.21) for romaine, heirloom tomatoes and fresh herbs to Harvest Table Somerville has been issued. Terms Net 15. Thank you for your business. Regards, Diego Rossi Sunrise Farms Co-op",Sunrise Farms Co-op,HT-5644-A,5075.21,6200,manager
inv-tr-0155,"Hello, Please find attached invoice 353674 for chicken thighs and pork shoulder delivered to the commissary kitchen. Total due: $27,964.86, terms Net 30. Regards, Arjun Singh Atlantic Catch Seafood",Atlantic Catch Seafood,353674,27964.86,5120,cfo
inv-tr-0156,"Hi Harvest Table AP team, Please find attached invoice 655324 for organic baby spinach and root vegetables delivered to the Seaport kitchen. Total due: $31,134.81, terms Net 30. Best, Olu Wang, Accounts Receivable, Sunrise Farms Co-op",Sunrise Farms Co-op,655324,31134.81,5100,cfo
inv-tr-0157,"Hi Harvest Table AP team, Attached is our invoice HT-4962-D totaling $1,626.56 for this week's citrus and stone fruit. This covers the delivery to your Cambridge restaurant. Terms are due on receipt. Thanks, Ben Reyes | Sunrise Farms Co-op",Sunrise Farms Co-op,HT-4962-D,1626.56,5100,auto_approve
inv-tr-0158,"Please find attached invoice 104488 for romaine, heirloom tomatoes and fresh herbs delivered to the Back Bay location. Total due: $36,091.84, terms Net 45. Thanks, Lily Garcia | Green Valley Produce",Green Valley Produce,104488,36091.84,5100,cfo
inv-tr-0159,"Dear Accounts Payable, Please find attached invoice INV-82005 for emergency dishwasher repair delivered to the commissary kitchen. Total due: $6,757, terms due on receipt. Thanks, Grace Larsen | Pinecrest Provisions",Pinecrest Provisions,INV-82005,6757.00,6300,hold_new_vendor
inv-tr-0160,"Good morning, We are writing to submit invoice no. HT-1154-A in the amount of $8,565.00 for repair of the walk-in cooler compressor at the Back Bay location, payable Net 30. KitchenTech Repair Billing Dept.",KitchenTech Repair,HT-1154-A,8565.00,6300,manager
inv-tr-0161,"Dear Accounts Payable, Attached is our invoice B3640 totaling $4,255.11 for romaine, heirloom tomatoes and fresh herbs. This covers the delivery to your Cambridge restaurant. Terms are Net 30. Regards, Diego Mensah Sunrise Farms Co-op",Sunrise Farms Co-op,B3640,4255.11,5100,manager
inv-tr-0162,"Dear Accounts Payable, Invoice #A5248 is attached for fryer thermostat replacement (the Back Bay location). Amount: $1,693.47. Payment terms: due on receipt. Regards, Dev Dubois KitchenTech Repair",KitchenTech Repair,A5248,1693.47,6300,auto_approve
inv-tr-0163,"Dear Accounts Payable, Please find attached invoice A1500 for mozzarella and ricotta for the pizza line delivered to your Cambridge restaurant. Total due: $774.63, terms Net 30. Best, Zara Singh, Accounts Receivable, Hilltop Creamery",Hilltop Creamery,A1500,774.63,5110,hold_new_vendor
inv-tr-0164,"Dear Accounts Payable, Reminder: invoice INV-36804 ($1,036.44) for degreaser, sanitizer and floor cleaner to your Cambridge restaurant has been issued. Terms Net 15. Thank you for your business. Regards, Nina Shah CleanPro Supply",CleanPro Supply,INV-36804,1036.44,6200,auto_approve
inv-tr-0165,"Good morning, Reminder: invoice HT-5253-D ($1,839.06) for emergency dishwasher repair to Harvest Table Somerville has been issued. Terms Net 30. Thank you for your business. Best, James Silva, Accounts Receivable, Blue Ox Butchers",Blue Ox Butchers,HT-5253-D,1839.06,6300,hold_new_vendor
inv-tr-0166,"Invoice #HT-7161-D is attached for heavy cream, butter and cultured yogurt (your Cambridge restaurant). Amount: $4,445.67. Payment terms: 2/10 Net 30. FixIt Appliance Pros Billing Dept.",FixIt Appliance Pros,HT-7161-D,4445.67,5110,hold_new_vendor
inv-tr-0167,"Hi Harvest Table AP team, Invoice #HT-7532-E is attached for organic baby spinach and root vegetables (your Cambridge restaurant). Amount: $14,113.00. Payment terms: 2/10 Net 30. Regards, Rachel Silva Sunrise Farms Co-op",Sunrise Farms Co-op,HT-7532-E,14113.00,5120,cfo
inv-tr-0168,"Hi Harvest Table AP team, Attached is our invoice HT-3764-C totaling $27,392.00 for emergency dishwasher repair. This covers the delivery to your Cambridge restaurant. Terms are Net 45. Thanks, Fatima Kim | KitchenTech Repair",KitchenTech Repair,HT-3764-C,27392.00,6300,cfo
inv-tr-0169,"Invoice #HT-3038-C is attached for organic baby spinach and root vegetables (the commissary kitchen). Amount: $3,263.17. Payment terms: Net 15. Regards, Priya Ali Sunrise Farms Co-op",Sunrise Farms Co-op,HT-3038-C,3263.17,5100,manager
inv-tr-0170,"Good morning, Reminder: invoice C8881 ($4,830.51) for dry-aged ribeyes and short rib to Harvest Table Somerville has been issued. Terms Net 15. Thank you for your business. Thanks, Yara Patel | Atlantic Catch Seafood",Atlantic Catch Seafood,C8881,4830.51,6200,manager
inv-tr-0171,"Dear Accounts Payable, Attached is our invoice HT-2282-E totaling $6,299.05 for bar towels and linens rental. This covers the delivery to the commissary kitchen. Terms are Net 30. Regards, Olu Tanaka Metro Linen Service",Metro Linen Service,HT-2282-E,6299.05,6400,manager
inv-tr-0172,"Good morning, Invoice #B3044 is attached for emergency dishwasher repair (your Cambridge restaurant). Amount: $1,543.78. Payment terms: due on receipt. KitchenTech Repair Billing Dept.",KitchenTech Repair,B3044,1543.78,6300,auto_approve
inv-tr-0173,"Invoice #B6106 is attached for dry-aged ribeyes and short rib (the commissary kitchen). Amount: $4,717.80. Payment terms: due on receipt. Prime Cut Meats Billing Dept.",Prime Cut Meats,B6106,4717.80,5120,manager
inv-tr-0174,"Hi Harvest Table AP team, Invoice #HT-3811-A is attached for the weekly cheese order (the Seaport kitchen). Amount: $1,006.45. Payment terms: Net 30. Best, Mateo Garcia, Accounts Receivable, Hilltop Creamery",Hilltop Creamery,HT-3811-A,1006.45,5110,auto_approve
inv-tr-0175,"Hi Harvest Table AP team, Reminder: invoice HT-2597-C ($1,128.00) for this week's citrus and stone fruit to your Brookline site has been issued. Terms Net 30. Thank you for your business. Best, Grace Okafor, Accounts Receivable, Ace Restaurant Services",Ace Restaurant Services,HT-2597-C,1128.00,5100,hold_new_vendor
inv-tr-0176,"Hello, Reminder: invoice C3842 ($2,046.90) for the weekly cheese order to the Back Bay location has been issued. Terms Net 45. Thank you for your business. Bay State Dairy Billing Dept.",Bay State Dairy,C3842,2046.90,5110,auto_approve
inv-tr-0177,"Good morning, We are writing to submit invoice no. HT-2080-E in the amount of $1,015.68 for dish machine detergent and rinse aid at your Brookline site, payable Net 30. Thanks, Nina Tanaka | CleanPro Supply",CleanPro Supply,HT-2080-E,1015.68,6200,cfo
inv-tr-0178,"Hi Harvest Table AP team, We are writing to submit invoice no. C2274 in the amount of $6,783.00 for whole milk and creme fraiche at Harvest Table Somerville, payable due on receipt. Best, Mateo Kim, Accounts Receivable, Urban Greens LLC",Urban Greens LLC,C2274,6783.00,5110,hold_new_vendor
inv-tr-0179,"Please find attached invoice 987659 for this week's citrus and stone fruit delivered to your Cambridge restaurant. Total due: $35,571.06, terms Net 15. Regards, Olu Mensah Coastal Linen Partners",Coastal Linen Partners,987659,35571.06,5120,hold_new_vendor
inv-tr-0180,"Hello, Please find attached invoice INV-25563 for dish machine detergent and rinse aid delivered to the Back Bay location. Total due: $20,025.56, terms 2/10 Net 30. Best, Aisha Ali, Accounts Receivable, CleanPro Supply",CleanPro Supply,INV-25563,20025.56,6200,cfo
inv-tr-0181,"Hello, Please find attached invoice INV-78999 for dry-aged ribeyes and short rib delivered to the Back Bay location. Total due: $5,785.66, terms Net 45. Regards, Rachel Garcia Coastal Linen Partners",Coastal Linen Partners,INV-78999,5785.66,5120,hold_new_vendor
inv-tr-0182,"Hello, Please find attached invoice 589804 for the weekly cheese order delivered to Harvest Table Somerville. Total due: $8,202, terms 2/10 Net 30. Hilltop Creamery Billing Dept.",Hilltop Creamery,589804,8202.00,5110,manager
inv-tr-0183,"Hello, We are writing to submit invoice no. INV-84808 in the amount of $7,602.18 for this week's citrus and stone fruit at the Back Bay location, payable Net 15. Best, Ibrahim Shah, Accounts Receivable, Golden Meadow Dairy",Golden Meadow Dairy,INV-84808,7602.18,5100,hold_new_vendor
inv-tr-0184,"Hi Harvest Table AP team, Reminder: invoice B8122 ($34,263.53) for mozzarella and ricotta for the pizza line to your Cambridge restaurant has been issued. Terms Net 45. Thank you for your business. Thanks, Tom Rossi | Hilltop Creamery",Hilltop Creamery,B8122,34263.53,5110,cfo
inv-tr-0185,"Please find attached invoice HT-4081-D for heavy cream, butter and cultured yogurt delivered to your Brookline site. Total due: $6,776.97, terms due on receipt. Regards, Mei Patel Hilltop Creamery",Hilltop Creamery,HT-4081-D,6776.97,5110,manager
inv-tr-0186,"Dear Accounts Payable, Reminder: invoice A2689 ($534.18) for napkin and tablecloth service to your Brookline site has been issued. Terms due on receipt. Thank you for your business. Ace Restaurant Services Billing Dept.",Ace Restaurant Services,A2689,534.18,6400,hold_new_vendor
inv-tr-0187,"Good morning, Invoice #INV-73391 is attached for heavy cream, butter and cultured yogurt (the commissary kitchen). Amount: $8,340.00. Payment terms: Net 45. Golden Meadow Dairy Billing Dept.",Golden Meadow Dairy,INV-73391,8340.00,5100,hold_new_vendor
inv-tr-0188,"Good morning, Attached is our invoice INV-67996 totaling $6,411.52 for the weekly cheese order. This covers the delivery to the Back Bay location. Terms are Net 30. Thanks, James Reyes | Bay State Dairy",Bay State Dairy,INV-67996,6411.52,5110,manager
inv-tr-0189,"Good morning, We are writing to submit invoice no. INV-17953 in the amount of $240.19 for romaine, heirloom tomatoes and fresh herbs at the Seaport kitchen, payable 2/10 Net 30. Thanks, Dev Larsen | Sunrise Farms Co-op",Sunrise Farms Co-op,INV-17953,240.19,5100,auto_approve
inv-tr-0190,"Hi Harvest Table AP team, Reminder: invoice 732323 ($1,194.82) for this week's citrus and stone fruit to your Cambridge restaurant has been issued. Terms Net 30. Thank you for your business. Regards, Camila Dubois Sunrise Farms Co-op",Sunrise Farms Co-op,732323,1194.82,5100,auto_approve
inv-tr-0191,"Hello, Attached is our invoice A1883 totaling $15,681.79 for the monthly chemical restock. This covers the delivery to Harvest Table Somerville. Terms are Net 45. Best, Maria Rossi, Accounts Receivable, CleanPro Supply",CleanPro Supply,A1883,15681.79,6200,cfo
inv-tr-0192,"Hello, Attached is our invoice C6372 totaling $4,102.21 for bar towels and linens rental. This covers the delivery to your Brookline site. Terms are Net 15. Regards, Mei Mensah Metro Linen Service",Metro Linen Service,C6372,4102.21,5120,manager
inv-tr-0193,"Dear Accounts Payable, Reminder: invoice C4123 ($1,168.64) for this week's citrus and stone fruit to the Back Bay location has been issued. Terms Net 45. Thank you for your business. Thanks, Arjun Larsen | Green Valley Produce",Green Valley Produce,C4123,1168.64,6200,auto_approve
inv-tr-0194,"Good morning, We are writing to submit invoice no. 150624 in the amount of $562.28 for avocados, limes and cilantro at your Brookline site, payable Net 15. Best, Yara Dubois, Accounts Receivable, Sunrise Farms Co-op",Sunrise Farms Co-op,150624,562.28,5100,auto_approve
inv-tr-0195,"Good morning, Reminder: invoice INV-78795 ($7,019.00) for fryer thermostat replacement to your Cambridge restaurant has been issued. Terms due on receipt. Thank you for your business. KitchenTech Repair Billing Dept.",KitchenTech Repair,INV-78795,7019.00,6300,manager
inv-tr-0196,"Invoice #405319 is attached for the weekly cheese order (the commissary kitchen). Amount: $1,206.81. Payment terms: Net 15. Thanks, Camila Novak | Bay State Dairy",Bay State Dairy,405319,1206.81,5110,auto_approve
inv-tr-0197,"Reminder: invoice INV-27205 ($3,158.96) for whole milk and creme fraiche to Harvest Table Somerville has been issued. Terms Net 15. Thank you for your business. Hilltop Creamery Billing Dept.",Hilltop Creamery,INV-27205,3158.96,5110,manager
inv-tr-0198,"Hi Harvest Table AP team, Please find attached invoice INV-90071 for bar towels and linens rental delivered to the Seaport kitchen. Total due: $1,076.82, terms due on receipt. Best, Priya Reyes, Accounts Receivable, Metro Linen Service",Metro Linen Service,INV-90071,1076.82,6400,auto_approve
inv-tr-0199,"Good morning, Please find attached invoice 494627 for heavy cream, butter and cultured yogurt delivered to the commissary kitchen. Total due: $7,260.25, terms Net 45. Bay State Dairy Billing Dept.",Bay State Dairy,494627,7260.25,5110,manager
inv-tr-0200,"Good morning, Please find attached invoice INV-87532 for fresh cod, scallops and littleneck clams delivered to the Seaport kitchen. Total due: $841.00, terms Net 30. Best, Kenji Reyes, Accounts Receivable, Ace Restaurant Services",Ace Restaurant Services,INV-87532,841.00,5120,hold_new_vendor
inv-tr-0201,"Hi Harvest Table AP team, Reminder: invoice B2831 ($1,403.71) for heavy cream, butter and cultured yogurt to the Back Bay location has been issued. Terms Net 45. Thank you for your business. Hilltop Creamery Billing Dept.",Hilltop Creamery,B2831,1403.71,5110,auto_approve
inv-tr-0202,"Hi Harvest Table AP team, Reminder: invoice HT-9019-D ($13,545.50) for napkin and tablecloth service to the Back Bay location has been issued. Terms Net 15. Thank you for your business. Regards, Tom Okafor Metro Linen Service",Metro Linen Service,HT-9019-D,13545.50,6400,cfo
inv-tr-0203,"Hello, We are writing to submit invoice no. 370636 in the amount of $638.09 for romaine, heirloom tomatoes and fresh herbs at the Seaport kitchen, payable Net 30. Best, Priya Ali, Accounts Receivable, Green Valley Produce",Green Valley Produce,370636,638.09,5100,auto_approve
inv-tr-0204,"Good morning, Reminder: invoice B1704 ($759.11) for romaine, heirloom tomatoes and fresh herbs to Harvest Table Somerville has been issued. Terms Net 30. Thank you for your business. Best, Kenji Brooks, Accounts Receivable, Green Valley Produce",Green Valley Produce,B1704,759.11,5100,hold_new_vendor
inv-tr-0205,"We are writing to submit invoice no. 325881 in the amount of $480.06 for dry-aged ribeyes and short rib at your Cambridge restaurant, payable Net 30. Thanks, Tom Patel | Prime Cut Meats",Prime Cut Meats,325881,480.06,5120,auto_approve
inv-tr-0206,"Hello, Please find attached invoice B4385 for repair of the walk-in cooler compressor delivered to Harvest Table Somerville. Total due: $1,009.73, terms 2/10 Net 30. Best, Priya Shah, Accounts Receivable, KitchenTech Repair",KitchenTech Repair,B4385,1009.73,6300,auto_approve
inv-tr-0207,"We are writing to submit invoice no. INV-73036 in the amount of $5,836.08 for bar towels and linens rental at the Back Bay location, payable due on receipt. Best, Rachel Brooks, Accounts Receivable, FixIt Appliance Pros",FixIt Appliance Pros,INV-73036,5836.08,6400,hold_new_vendor
inv-tr-0208,"Hi Harvest Table AP team, Reminder: invoice 219983 ($11,252.00) for napkin and tablecloth service to your Brookline site has been issued. Terms due on receipt. Thank you for your business. Best, Noah Novak, Accounts Receivable, FixIt Appliance Pros",FixIt Appliance Pros,219983,11252.00,6400,hold_new_vendor
inv-tr-0209,"Please find attached invoice A9909 for repair of the walk-in cooler compressor delivered to your Cambridge restaurant. Total due: $838.00, terms Net 45. Best, Aisha Cohen, Accounts Receivable, KitchenTech Repair",KitchenTech Repair,A9909,838.00,6300,auto_approve
inv-tr-0210,"Good morning, Attached is our invoice HT-6735-E totaling $1,266 for whole milk and creme fraiche. This covers the delivery to the Seaport kitchen. Terms are Net 30. Best, Grace Murphy, Accounts Receivable, Blue Ox Butchers",Blue Ox Butchers,HT-6735-E,1266.00,5110,auto_approve
inv-tr-0211,"Dear Accounts Payable, Attached is our invoice INV-67516 totaling $24,335.19 for dry-aged ribeyes and short rib. This covers the delivery to your Brookline site. Terms are Net 45. Thanks, Dev Singh | Atlantic Catch Seafood",Atlantic Catch Seafood,INV-67516,24335.19,5120,auto_approve
inv-tr-0212,"Hi Harvest Table AP team, Please find attached invoice B9774 for dry-aged ribeyes and short rib delivered to the Seaport kitchen. Total due: $955.00, terms Net 30. Regards, Rachel Garcia Atlantic Catch Seafood",Atlantic Catch Seafood,B9774,955.00,5120,auto_approve
inv-tr-0213,"Hello, Please find attached invoice HT-3597-E for napkin and tablecloth service delivered to the commissary kitchen. Total due: $8,891.15, terms Net 15. Metro Linen Service Billing Dept.",Metro Linen Service,HT-3597-E,8891.15,5100,manager
inv-tr-0214,"Hi Harvest Table AP team, Reminder: invoice HT-5452-A ($6,432.14) for bar towels and linens rental to Harvest Table Somerville has been issued. Terms Net 15. Thank you for your business. Ace Restaurant Services Billing Dept.",Ace Restaurant Services,HT-5452-A,6432.14,6400,auto_approve
inv-tr-0215,"Hello, Invoice #599298 is attached for dry-aged ribeyes and short rib (your Brookline site). Amount: $12,287.07. Payment terms: Net 15. Regards, Arjun Murphy Atlantic Catch Seafood",Atlantic Catch Seafood,599298,12287.07,5120,cfo
inv-tr-0216,"Please find attached invoice INV-55716 for chicken thighs and pork shoulder delivered to your Brookline site. Total due: $24,531.76, terms 2/10 Net 30. Sparkle Janitorial Billing Dept.",Sparkle Janitorial,INV-55716,24531.76,5120,hold_new_vendor
inv-tr-0217,"Dear Accounts Payable, We are writing to submit invoice no. C2371 in the amount of $561 for repair of the walk-in cooler compressor at your Cambridge restaurant, payable Net 30. Coastal Linen Partners Billing Dept.",Coastal Linen Partners,C2371,561.00,6300,hold_new_vendor
inv-tr-0218,"Dear Accounts Payable, Reminder: invoice INV-44310 ($1,515.65) for dish machine detergent and rinse aid to the Seaport kitchen has been issued. Terms Net 45. Thank you for your business. CleanPro Supply Billing Dept.",CleanPro Supply,INV-44310,1515.65,6200,auto_approve
inv-tr-0219,"Good morning, Please find attached invoice A4920 for mozzarella and ricotta for the pizza line delivered to the Seaport kitchen. Total due: $733.45, terms Net 45. Regards, Kenji Haddad Hilltop Creamery",Hilltop Creamery,A4920,733.45,5110,auto_approve
inv-tr-0220,"Good morning, Attached is our invoice B1194 totaling $38,828 for chicken thighs and pork shoulder. This covers the delivery to your Brookline site. Terms are 2/10 Net 30. Best, Fatima Haddad, Accounts Receivable, Golden Meadow Dairy",Golden Meadow Dairy,B1194,38828.00,5120,hold_new_vendor
inv-tr-0221,"Good morning, Invoice #687747 is attached for this week's citrus and stone fruit (the Seaport kitchen). Amount: $5,217.33. Payment terms: Net 45. Best, Diego Cohen, Accounts Receivable, Green Valley Produce",Green Valley Produce,687747,5217.33,5100,manager
inv-tr-0222,"Hello, Invoice #INV-81412 is attached for napkin and tablecloth service (your Brookline site). Amount: $5,149.31. Payment terms: 2/10 Net 30. Best, Fatima Novak, Accounts Receivable, Metro Linen Service",Metro Linen Service,INV-81412,5149.31,5120,manager
inv-tr-0223,"Hi Harvest Table AP team, Reminder: invoice INV-79593 ($3,376.67) for bar towels and linens rental to the Seaport kitchen has been issued. Terms Net 45. Thank you for your business. Thanks, Omar Brooks | Metro Linen Service",Metro Linen Service,INV-79593,3376.67,6400,manager
inv-tr-0224,"Hi Harvest Table AP team, Attached is our invoice INV-35444 totaling $589.74 for chicken thighs and pork shoulder. This covers the delivery to your Cambridge restaurant. Terms are 2/10 Net 30. Regards, Hannah Novak Atlantic Catch Seafood",Atlantic Catch Seafood,INV-35444,589.74,5120,auto_approve
inv-tr-0225,"Hello, Please find attached invoice A9282 for fresh cod, scallops and littleneck clams delivered to your Cambridge restaurant. Total due: $291.13, terms 2/10 Net 30. Best, James Reyes, Accounts Receivable, Prime Cut Meats",Prime Cut Meats,A9282,291.13,5120,cfo
inv-tr-0226,"Hi Harvest Table AP team, We are writing to submit invoice no. HT-7071-B in the amount of $444 for mozzarella and ricotta for the pizza line at your Brookline site, payable Net 30. Hilltop Creamery Billing Dept.",Hilltop Creamery,HT-7071-B,444.00,5110,manager
inv-tr-0227,"Dear Accounts Payable, We are writing to submit invoice no. 529850 in the amount of $1,499.82 for fresh cod, scallops and littleneck clams at Harvest Table Somerville, payable Net 45. Atlantic Catch Seafood Billing Dept.",Atlantic Catch Seafood,529850,1499.82,5120,hold_new_vendor
inv-tr-0228,"Hello, Attached is our invoice 690223 totaling $14,057.63 for dish machine detergent and rinse aid. This covers the delivery to your Cambridge restaurant. Terms are Net 45. Regards, Aisha Mensah Rivera Family Farms",Rivera Family Farms,690223,14057.63,6300,hold_new_vendor
inv-tr-0229,"Dear Accounts Payable, Reminder: invoice B7449 ($1,014.25) for mozzarella and ricotta for the pizza line to your Cambridge restaurant has been issued. Terms 2/10 Net 30. Thank you for your business. Hilltop Creamery Billing Dept.",Hilltop Creamery,B7449,1014.25,5110,auto_approve
inv-tr-0230,"Hi Harvest Table AP team, Attached is our invoice 914029 totaling $9,126.31 for the monthly chemical restock. This covers the delivery to the commissary kitchen. Terms are Net 30. Best, Sofia Reyes, Accounts Receivable, Northshore Fish Market",Northshore Fish Market,914029,9126.31,6200,cfo
inv-tr-0231,"Hi Harvest Table AP team, Reminder: invoice 281903 ($25,933) for dish machine detergent and rinse aid to your Brookline site has been issued. Terms 2/10 Net 30. Thank you for your business. CleanPro Supply Billing Dept.",CleanPro Supply,281903,25933.00,6200,cfo
inv-tr-0232,"Hi Harvest Table AP team, Please find attached invoice INV-94549 for heavy cream, butter and cultured yogurt delivered to your Brookline site. Total due: $1,844.79, terms Net 15. Best, Noah Wang, Accounts Receivable, Bay State Dairy",Bay State Dairy,INV-94549,1844.79,5110,auto_approve
inv-tr-0233,"We are writing to submit invoice no. INV-69419 in the amount of $8,117.77 for nitrile gloves and trash liners at your Brookline site, payable Net 15. Thanks, Rachel Cohen | CleanPro Supply",CleanPro Supply,INV-69419,8117.77,6200,manager
inv-tr-0234,"Dear Accounts Payable, We are writing to submit invoice no. C8891 in the amount of $1,592.68 for service call on the combi oven at your Brookline site, payable 2/10 Net 30. Blue Ox Butchers Billing Dept.",Blue Ox Butchers,C8891,1592.68,6300,hold_new_vendor
inv-tr-0235,"Reminder: invoice 325171 ($1,586.19) for nitrile gloves and trash liners to Harvest Table Somerville has been issued. Terms Net 45. Thank you for your business. Best, Maria Wang, Accounts Receivable, CleanPro Supply",CleanPro Supply,325171,1586.19,5120,auto_approve
inv-tr-0236,"Hello, We are writing to submit invoice no. INV-89983 in the amount of $1,233.30 for fryer thermostat replacement at the Seaport kitchen, payable Net 45. Blue Ox Butchers Billing Dept.",Blue Ox Butchers,INV-89983,1233.30,6300,hold_new_vendor
inv-tr-0237,"Hello, Invoice #INV-93262 is attached for salmon fillets and shrimp (Harvest Table Somerville). Amount: $961.14. Payment terms: Net 45. Best, Olu Wang, Accounts Receivable, Atlantic Catch Seafood",Atlantic Catch Seafood,INV-93262,961.14,5120,auto_approve
inv-tr-0238,"Good morning, Attached is our invoice 343571 totaling $542.57 for chicken thighs and pork shoulder. This covers the delivery to the commissary kitchen. Terms are Net 15. Ace Restaurant Services Billing Dept.",Ace Restaurant Services,343571,542.57,5120,hold_new_vendor
inv-tr-0239,"Hi Harvest Table AP team, Reminder: invoice HT-2345-D ($8,211.00) for chicken thighs and pork shoulder to your Brookline site has been issued. Terms Net 45. Thank you for your business. Regards, Luca Cohen FixIt Appliance Pros",FixIt Appliance Pros,HT-2345-D,8211.00,5120,hold_new_vendor
inv-tr-0240,"Good morning, Invoice #B4740 is attached for service call on the combi oven (the Back Bay location). Amount: $7,726.00. Payment terms: Net 30. KitchenTech Repair Billing Dept.",KitchenTech Repair,B4740,7726.00,6300,manager
inv-tr-0241,"Hi Harvest Table AP team, We are writing to submit invoice no. 897224 in the amount of $3,109.00 for romaine, heirloom tomatoes and fresh herbs at the commissary kitchen, payable Net 45. Thanks, Yara Tanaka | Sunrise Farms Co-op",Sunrise Farms Co-op,897224,3109.00,5100,manager
inv-tr-0242,"Dear Accounts Payable, Please find attached invoice HT-5507-E for whole milk and creme fraiche delivered to Harvest Table Somerville. Total due: $16,697.58, terms 2/10 Net 30. Best, Diego Patel, Accounts Receivable, Urban Greens LLC",Urban Greens LLC,HT-5507-E,16697.58,5110,manager
inv-tr-0243,"Hello, Reminder: invoice 268329 ($1,678.51) for bar towels and linens rental to the commissary kitchen has been issued. Terms due on receipt. Thank you for your business. Best, Elena Larsen, Accounts Receivable, Metro Linen Service",Metro Linen Service,268329,1678.51,6400,auto_approve
inv-tr-0244,"Please find attached invoice B7318 for degreaser, sanitizer and floor cleaner delivered to the Seaport kitchen. Total due: $15,505.29, terms Net 30. Regards, Tom Shah Rivera Family Farms",Rivera Family Farms,B7318,15505.29,6200,hold_new_vendor
inv-tr-0245,"Attached is our invoice 826640 totaling $778.08 for avocados, limes and cilantro. This covers the delivery to your Brookline site. Terms are 2/10 Net 30. Thanks, Lily Larsen | Sunrise Farms Co-op",Sunrise Farms Co-op,826640,778.08,5100,auto_approve
inv-tr-0246,"Good morning, Invoice #A2252 is attached for bar towels and linens rental (Harvest Table Somerville). Amount: $1,309.13. Payment terms: Net 45. Best, Rachel Silva, Accounts Receivable, Metro Linen Service",Metro Linen Service,A2252,1309.13,6400,auto_approve
inv-tr-0247,"Dear Accounts Payable, We are writing to submit invoice no. INV-47331 in the amount of $41,937 for heavy cream, butter and cultured yogurt at your Cambridge restaurant, payable Net 45. Regards, Samuel Wang Coastal Linen Partners",Coastal Linen Partners,INV-47331,41937.00,5110,hold_new_vendor
inv-tr-0248,"Hello, Please find attached invoice C9666 for this week's citrus and stone fruit delivered to Harvest Table Somerville. Total due: $6,608.63, terms Net 30. Thanks, Grace Cohen | Sunrise Farms Co-op",Sunrise Farms Co-op,C9666,6608.63,5100,cfo
inv-tr-0249,"Good morning, We are writing to submit invoice no. B5446 in the amount of $36,146.97 for fresh cod, scallops and littleneck clams at the Back Bay location, payable Net 15. Best, Rachel Garcia, Accounts Receivable, Prime Cut Meats",Prime Cut Meats,B5446,36146.97,5120,cfo
inv-tr-0250,"Hi Harvest Table AP team, Reminder: invoice A8486 ($3,484.40) for avocados, limes and cilantro to your Cambridge restaurant has been issued. Terms Net 30. Thank you for your business. Northshore Fish Market Billing Dept.",Northshore Fish Market,A8486,3484.40,6400,hold_new_vendor
inv-tr-0251,"Hi Harvest Table AP team, Reminder: invoice 412450 ($6,829.92) for chef coats and aprons laundering to the commissary kitchen has been issued. Terms 2/10 Net 30. Thank you for your business. Northshore Fish Market Billing Dept.",Northshore Fish Market,412450,6829.92,6400,hold_new_vendor
inv-tr-0252,"Dear Accounts Payable, Reminder: invoice B4625 ($5,696.19) for the monthly chemical restock to the commissary kitchen has been issued. Terms Net 45. Thank you for your business. Regards, Luca Tanaka Rivera Family Farms",Rivera Family Farms,B4625,5696.19,6200,hold_new_vendor
inv-tr-0253,"Dear Accounts Payable, Invoice #B9293 is attached for degreaser, sanitizer and floor cleaner (Harvest Table Somerville). Amount: $33,059.00. Payment terms: Net 45. Regards, Maria Garcia Sparkle Janitorial",Sparkle Janitorial,B9293,33059.00,6200,hold_new_vendor
inv-tr-0254,"Hi Harvest Table AP team, Attached is our invoice B8529 totaling $7,104.00 for chicken thighs and pork shoulder. This covers the delivery to your Brookline site. Terms are Net 15. Thanks, Arjun Shah | Atlantic Catch Seafood",Atlantic Catch Seafood,B8529,7104.00,5120,manager
inv-tr-0255,"Hello, Please find attached invoice 737798 for heavy cream, butter and cultured yogurt delivered to your Brookline site. Total due: $1,073.92, terms 2/10 Net 30. Regards, James Dubois Hilltop Creamery",Hilltop Creamery,737798,1073.92,5110,auto_approve
inv-tr-0256,"We are writing to submit invoice no. A9868 in the amount of $16,066.46 for salmon fillets and shrimp at your Cambridge restaurant, payable Net 30. Regards, James Garcia Prime Cut Meats",Prime Cut Meats,A9868,16066.46,5120,cfo
inv-tr-0257,"Dear Accounts Payable, Please find attached invoice HT-9594-C for the monthly chemical restock delivered to Harvest Table Somerville. Total due: $41,058, terms Net 45. Regards, Luca Rossi Pinecrest Provisions",Pinecrest Provisions,HT-9594-C,41058.00,6200,hold_new_vendor
inv-tr-0258,"Dear Accounts Payable, Invoice #C7441 is attached for napkin and tablecloth service (Harvest Table Somerville). Amount: $6,786.34. Payment terms: Net 45. Regards, Dev Kim Metro Linen Service",Metro Linen Service,C7441,6786.34,6400,manager
inv-tr-0259,"Dear Accounts Payable, Attached is our invoice C5203 totaling $3,559.04 for fryer thermostat replacement. This covers the delivery to Harvest Table Somerville. Terms are Net 30. Regards, Chen Garcia Sparkle Janitorial",Sparkle Janitorial,C5203,3559.04,6300,hold_new_vendor
inv-tr-0260,"Dear Accounts Payable, Attached is our invoice INV-96251 totaling $655 for service call on the combi oven. This covers the delivery to Harvest Table Somerville. Terms are due on receipt. Regards, Samuel Shah Blue Ox Butchers",Blue Ox Butchers,INV-96251,655.00,6300,manager
inv-tr-0261,"Invoice #HT-6420-D is attached for fresh cod, scallops and littleneck clams (your Cambridge restaurant). Amount: $13,256.12. Payment terms: Net 45. Thanks, Zara Haddad | Atlantic Catch Seafood",Atlantic Catch Seafood,HT-6420-D,13256.12,5120,cfo
inv-tr-0262,"Hi Harvest Table AP team, We are writing to submit invoice no. INV-70698 in the amount of $1,313.38 for romaine, heirloom tomatoes and fresh herbs at your Brookline site, payable Net 30. Thanks, Mateo Cohen | FixIt Appliance Pros",FixIt Appliance Pros,INV-70698,1313.38,5100,hold_new_vendor
inv-tr-0263,"We are writing to submit invoice no. INV-78681 in the amount of $2,199 for organic baby spinach and root vegetables at the Back Bay location, payable Net 15. Regards, Yara Ali Green Valley Produce",Green Valley Produce,INV-78681,2199.00,6300,auto_approve
inv-tr-0264,"Good morning, We are writing to submit invoice no. INV-36898 in the amount of $853.69 for whole milk and creme fraiche at the Seaport kitchen, payable due on receipt. Thanks, Mateo Kim | Hilltop Creamery",Hilltop Creamery,INV-36898,853.69,5110,manager
inv-tr-0265,"Dear Accounts Payable, Reminder: invoice INV-47910 ($1,771.00) for avocados, limes and cilantro to your Cambridge restaurant has been issued. Terms 2/10 Net 30. Thank you for your business. Thanks, Arjun Ali | Green Valley Produce",Green Valley Produce,INV-47910,1771.00,5120,auto_approve
inv-tr-0266,"Please find attached invoice 896949 for dry-aged ribeyes and short rib delivered to Harvest Table Somerville. Total due: $2,036.00, terms 2/10 Net 30. Atlantic Catch Seafood Billing Dept.",Atlantic Catch Seafood,896949,2036.00,5120,auto_approve
inv-tr-0267,"Hi Harvest Table AP team, Invoice #INV-35707 is attached for romaine, heirloom tomatoes and fresh herbs (the commissary kitchen). Amount: $3,195.95. Payment terms: Net 30. Regards, Omar Patel Sunrise Farms Co-op",Sunrise Farms Co-op,INV-35707,3195.95,5100,manager
inv-tr-0268,"Good morning, Please find attached invoice 709253 for romaine, heirloom tomatoes and fresh herbs delivered to your Brookline site. Total due: $8,059.39, terms due on receipt. Green Valley Produce Billing Dept.",Green Valley Produce,709253,8059.39,5120,manager
inv-tr-0269,"Good morning, Attached is our invoice A6566 totaling $1,268.43 for the weekly cheese order. This covers the delivery to the commissary kitchen. Terms are Net 15. Thanks, Noah Patel | Hilltop Creamery",Hilltop Creamery,A6566,1268.43,5110,auto_approve
inv-tr-0270,"Dear Accounts Payable, Reminder: invoice HT-6527-B ($8,412.63) for degreaser, sanitizer and floor cleaner to the Seaport kitchen has been issued. Terms 2/10 Net 30. Thank you for your business. Regards, Luca Patel Blue Ox Butchers",Blue Ox Butchers,HT-6527-B,8412.63,6200,hold_new_vendor
inv-tr-0271,"Hello, We are writing to submit invoice no. INV-11988 in the amount of $697.73 for organic baby spinach and root vegetables at the Seaport kitchen, payable 2/10 Net 30. Green Valley Produce Billing Dept.",Green Valley Produce,INV-11988,697.73,5100,auto_approve
inv-tr-0272,"Reminder: invoice 691385 ($19,689.38) for chef coats and aprons laundering to the commissary kitchen has been issued. Terms due on receipt. Thank you for your business. Thanks, Hannah Rossi | Metro Linen Service",Metro Linen Service,691385,19689.38,6400,cfo
inv-tr-0273,"Dear Accounts Payable, Invoice #INV-47518 is attached for degreaser, sanitizer and floor cleaner (the Seaport kitchen). Amount: $11,025.55. Payment terms: Net 30. Thanks, Sofia Wang | Ace Restaurant Services",Ace Restaurant Services,INV-47518,11025.55,6200,cfo
inv-tr-0274,"Please find attached invoice INV-72653 for salmon fillets and shrimp delivered to Harvest Table Somerville. Total due: $2,114.98, terms Net 30. Best, Ibrahim Kim, Accounts Receivable, Atlantic Catch Seafood",Atlantic Catch Seafood,INV-72653,2114.98,5120,auto_approve
inv-tr-0275,"Dear Accounts Payable, We are writing to submit invoice no. 101698 in the amount of $299.00 for organic baby spinach and root vegetables at the commissary kitchen, payable Net 15. Best, Samuel Tanaka, Accounts Receivable, Sunrise Farms Co-op",Sunrise Farms Co-op,101698,299.00,5100,auto_approve
inv-tr-0276,"Invoice #INV-64533 is attached for organic baby spinach and root vegetables (the commissary kitchen). Amount: $7,474.18. Payment terms: Net 45. Best, Sofia Dubois, Accounts Receivable, Sunrise Farms Co-op",Sunrise Farms Co-op,INV-64533,7474.18,5100,manager
inv-tr-0277,"Hi Harvest Table AP team, We are writing to submit invoice no. 755376 in the amount of $1,249.62 for heavy cream, butter and cultured yogurt at the commissary kitchen, payable Net 45. Best, James Tanaka, Accounts Receivable, Ace Restaurant Services",Ace Restaurant Services,755376,1249.62,5110,hold_new_vendor
inv-tr-0278,"Dear Accounts Payable, We are writing to submit invoice no. HT-7924-D in the amount of $1,781.16 for organic baby spinach and root vegetables at the Back Bay location, payable Net 15. Regards, Sofia Patel Sunrise Farms Co-op",Sunrise Farms Co-op,HT-7924-D,1781.16,5100,hold_new_vendor
inv-tr-0279,"Attached is our invoice 122545 totaling $1,843.00 for the monthly chemical restock. This covers the delivery to the Seaport kitchen. Terms are Net 45. Regards, Arjun Garcia Ace Restaurant Services",Ace Restaurant Services,122545,1843.00,6200,hold_new_vendor
inv-tr-0280,"We are writing to submit invoice no. INV-33217 in the amount of $1,399.81 for avocados, limes and cilantro at your Brookline site, payable 2/10 Net 30. Pinecrest Provisions Billing Dept.",Pinecrest Provisions,INV-33217,1399.81,5100,hold_new_vendor
inv-tr-0281,"Dear Accounts Payable, Invoice #INV-39957 is attached for heavy cream, butter and cultured yogurt (Harvest Table Somerville). Amount: $7,739.03. Payment terms: 2/10 Net 30. Hilltop Creamery Billing Dept.",Hilltop Creamery,INV-39957,7739.03,5120,manager
inv-tr-0282,"Dear Accounts Payable, Invoice #INV-44851 is attached for emergency dishwasher repair (the commissary kitchen). Amount: $5,227.96. Payment terms: Net 45. Regards, Ibrahim Garcia KitchenTech Repair",KitchenTech Repair,INV-44851,5227.96,6300,manager
inv-tr-0283,"Hi Harvest Table AP team, We are writing to submit invoice no. 381753 in the amount of $14,923.69 for emergency dishwasher repair at the Seaport kitchen, payable Net 30. KitchenTech Repair Billing Dept.",KitchenTech Repair,381753,14923.69,5110,cfo
inv-tr-0284,"Good morning, Reminder: invoice INV-12031 ($903.00) for mozzarella and ricotta for the pizza line to Harvest Table Somerville has been issued. Terms due on receipt. Thank you for your business. Best, Hannah Garcia, Accounts Receivable, Hilltop Creamery",Hilltop Creamery,INV-12031,903.00,6200,auto_approve
inv-tr-0285,"Good morning, Reminder: invoice B5472 ($13,987.14) for service call on the combi oven to the commissary kitchen has been issued. Terms Net 45. Thank you for your business. Best, Hannah Reyes, Accounts Receivable, Rivera Family Farms",Rivera Family Farms,B5472,13987.14,6300,hold_new_vendor
inv-tr-0286,"Invoice #A6974 is attached for service call on the combi oven (the Back Bay location). Amount: $5,705. Payment terms: Net 30. Best, Zara Wang, Accounts Receivable, Sparkle Janitorial",Sparkle Janitorial,A6974,5705.00,6300,hold_new_vendor
inv-tr-0287,"Dear Accounts Payable, Please find attached invoice 821140 for bar towels and linens rental delivered to the Seaport kitchen. Total due: $646.00, terms Net 45. Best, Arjun Rossi, Accounts Receivable, FixIt Appliance Pros",FixIt Appliance Pros,821140,646.00,6400,hold_new_vendor
inv-tr-0288,"Dear Accounts Payable, Please find attached invoice INV-83273 for bar towels and linens rental delivered to Harvest Table Somerville. Total due: $694.79, terms Net 30. Metro Linen Service Billing Dept.",Metro Linen Service,INV-83273,694.79,6300,auto_approve
inv-tr-0289,"Good morning, Reminder: invoice 312116 ($3,723) for avocados, limes and cilantro to the commissary kitchen has been issued. Terms due on receipt. Thank you for your business. Thanks, Chen Dubois | Green Valley Produce",Green Valley Produce,312116,3723.00,5100,manager
inv-tr-0290,"Hello, Reminder: invoice INV-18565 ($4,692) for this week's citrus and stone fruit to the Back Bay location has been issued. Terms Net 45. Thank you for your business. Coastal Linen Partners Billing Dept.",Coastal Linen Partners,INV-18565,4692.00,5100,hold_new_vendor
inv-tr-0291,"Hello, Please find attached invoice 647877 for the weekly cheese order delivered to Harvest Table Somerville. Total due: $27,822.60, terms due on receipt. Bay State Dairy Billing Dept.",Bay State Dairy,647877,27822.60,6200,cfo
inv-tr-0292,"Invoice #B4119 is attached for fresh cod, scallops and littleneck clams (your Cambridge restaurant). Amount: $1,858.00. Payment terms: Net 15. Urban Greens LLC Billing Dept.",Urban Greens LLC,B4119,1858.00,5120,hold_new_vendor
inv-tr-0293,"Hi Harvest Table AP team, We are writing to submit invoice no. INV-33609 in the amount of $34,002.00 for whole milk and creme fraiche at the commissary kitchen, payable Net 15. Regards, Omar Silva Hilltop Creamery",Hilltop Creamery,INV-33609,34002.00,5110,cfo
inv-tr-0294,"Hello, Please find attached invoice 591786 for avocados, limes and cilantro delivered to your Cambridge restaurant. Total due: $6,705.13, terms due on receipt. Best, Diego Haddad, Accounts Receivable, Sunrise Farms Co-op",Sunrise Farms Co-op,591786,6705.13,5100,manager
inv-tr-0295,"Invoice #HT-3364-B is attached for organic baby spinach and root vegetables (the commissary kitchen). Amount: $1,108. Payment terms: Net 30. Regards, Maria Tanaka Sunrise Farms Co-op",Sunrise Farms Co-op,HT-3364-B,1108.00,5100,auto_approve
inv-tr-0296,"Attached is our invoice HT-3491-B totaling $447 for fresh cod, scallops and littleneck clams. This covers the delivery to Harvest Table Somerville. Terms are Net 45. Regards, Elena Murphy Atlantic Catch Seafood",Atlantic Catch Seafood,HT-3491-B,447.00,5120,auto_approve
inv-tr-0297,"Hello, Please find attached invoice HT-8881-D for avocados, limes and cilantro delivered to Harvest Table Somerville. Total due: $1,030.69, terms Net 15. Thanks, Diego Murphy | Green Valley Produce",Green Valley Produce,HT-8881-D,1030.69,5100,auto_approve
inv-tr-0298,"Please find attached invoice 669808 for the monthly chemical restock delivered to the commissary kitchen. Total due: $1,756.66, terms due on receipt. CleanPro Supply Billing Dept.",CleanPro Supply,669808,1756.66,6200,auto_approve
inv-tr-0299,"Good morning, We are writing to submit invoice no. 241752 in the amount of $786.00 for salmon fillets and shrimp at your Brookline site, payable Net 30. Regards, Samuel Larsen Golden Meadow Dairy",Golden Meadow Dairy,241752,786.00,5120,manager
inv-tr-0300,"Good morning, Reminder: invoice 654829 ($34,800.06) for emergency dishwasher repair to your Cambridge restaurant has been issued. Terms 2/10 Net 30. Thank you for your business. Best, James Garcia, Accounts Receivable, Rivera Family Farms",Rivera Family Farms,654829,34800.06,6300,hold_new_vendor
inv-tr-0301,"Good morning, Invoice #HT-8230-E is attached for mozzarella and ricotta for the pizza line (your Brookline site). Amount: $14,791.83. Payment terms: Net 30. Golden Meadow Dairy Billing Dept.",Golden Meadow Dairy,HT-8230-E,14791.83,5110,hold_new_vendor
inv-tr-0302,"Hello, Please find attached invoice INV-34652 for this week's citrus and stone fruit delivered to your Brookline site. Total due: $1,646.86, terms 2/10 Net 30. Best, Grace Reyes, Accounts Receivable, Sunrise Farms Co-op",Sunrise Farms Co-op,INV-34652,1646.86,5100,auto_approve
inv-tr-0303,"Dear Accounts Payable, Please find attached invoice HT-1633-A for repair of the walk-in cooler compressor delivered to the Seaport kitchen. Total due: $25,708.00, terms 2/10 Net 30. Regards, James Haddad KitchenTech Repair",KitchenTech Repair,HT-1633-A,25708.00,6300,cfo
inv-tr-0304,"We are writing to submit invoice no. 354342 in the amount of $933.73 for dry-aged ribeyes and short rib at Harvest Table Somerville, payable 2/10 Net 30. Thanks, Mei Shah | Coastal Linen Partners",Coastal Linen Partners,354342,933.73,5120,hold_new_vendor
inv-tr-0305,"Dear Accounts Payable, We are writing to submit invoice no. INV-63022 in the amount of $6,534.22 for nitrile gloves and trash liners at the Back Bay location, payable Net 45. Thanks, Sofia Dubois | Blue Ox Butchers",Blue Ox Butchers,INV-63022,6534.22,6200,manager
inv-tr-0306,"Dear Accounts Payable, Reminder: invoice INV-57136 ($3,250.99) for salmon fillets and shrimp to the commissary kitchen has been issued. Terms 2/10 Net 30. Thank you for your business. Regards, Zara Brooks Prime Cut Meats",Prime Cut Meats,INV-57136,3250.99,5120,hold_new_vendor
inv-tr-0307,"Attached is our invoice B9483 totaling $1,279 for organic baby spinach and root vegetables. This covers the delivery to your Cambridge restaurant. Terms are Net 15. Rivera Family Farms Billing Dept.",Rivera Family Farms,B9483,1279.00,5100,hold_new_vendor
inv-tr-0308,"Hi Harvest Table AP team, Invoice #HT-4350-D is attached for mozzarella and ricotta for the pizza line (the commissary kitchen). Amount: $1,905.00. Payment terms: 2/10 Net 30. Thanks, Diego Mensah | Hilltop Creamery",Hilltop Creamery,HT-4350-D,1905.00,5110,cfo
inv-tr-0309,"Hi Harvest Table AP team, Reminder: invoice INV-73951 ($3,884.71) for degreaser, sanitizer and floor cleaner to your Cambridge restaurant has been issued. Terms Net 45. Thank you for your business. Thanks, Noah Mensah | CleanPro Supply",CleanPro Supply,INV-73951,3884.71,6200,manager
inv-tr-0310,"We are writing to submit invoice no. 480102 in the amount of $1,754.96 for emergency dishwasher repair at your Cambridge restaurant, payable Net 45. Regards, Chen Ali Coastal Linen Partners",Coastal Linen Partners,480102,1754.96,6200,hold_new_vendor
inv-tr-0311,"Good morning, Please find attached invoice 182223 for emergency dishwasher repair delivered to the Back Bay location. Total due: $1,533.09, terms due on receipt. Pinecrest Provisions Billing Dept.",Pinecrest Provisions,182223,1533.09,6300,hold_new_vendor
inv-tr-0312,"Hi Harvest Table AP team, Please find attached invoice HT-4202-B for fresh cod, scallops and littleneck clams delivered to Harvest Table Somerville. Total due: $1,813.35, terms 2/10 Net 30. Prime Cut Meats Billing Dept.",Prime Cut Meats,HT-4202-B,1813.35,5120,auto_approve
inv-tr-0313,"Hello, Reminder: invoice 369834 ($8,191.27) for chicken thighs and pork shoulder to Harvest Table Somerville has been issued. Terms Net 30. Thank you for your business. Regards, Kenji Shah Prime Cut Meats",Prime Cut Meats,369834,8191.27,5120,manager
inv-tr-0314,"Hi Harvest Table AP team, Attached is our invoice HT-2569-C totaling $1,683.48 for this week's citrus and stone fruit. This covers the delivery to Harvest Table Somerville. Terms are 2/10 Net 30. Best, Nina Rossi, Accounts Receivable, Green Valley Produce",Green Valley Produce,HT-2569-C,1683.48,5100,manager
inv-tr-0315,"Please find attached invoice HT-8483-A for fryer thermostat replacement delivered to the Back Bay location. Total due: $1,162.00, terms Net 15. Best, Fatima Mensah, Accounts Receivable, KitchenTech Repair",KitchenTech Repair,HT-8483-A,1162.00,6300,auto_approve
inv-tr-0316,"Hello, Attached is our invoice 649047 totaling $1,262.00 for chicken thighs and pork shoulder. This covers the delivery to the Seaport kitchen. Terms are Net 30. Prime Cut Meats Billing Dept.",Prime Cut Meats,649047,1262.00,5100,auto_approve
inv-tr-0317,"Hello, Please find attached invoice HT-2720-B for degreaser, sanitizer and floor cleaner delivered to the Back Bay location. Total due: $33,297.00, terms due on receipt. Thanks, Dev Wang | CleanPro Supply",CleanPro Supply,HT-2720-B,33297.00,6200,cfo
inv-tr-0318,"Good morning, Attached is our invoice 259052 totaling $1,105.00 for organic baby spinach and root vegetables. This covers the delivery to Harvest Table Somerville. Terms are due on receipt. Best, Arjun Mensah, Accounts Receivable, Sunrise Farms Co-op",Sunrise Farms Co-op,259052,1105.00,5100,auto_approve
inv-tr-0319,"Good morning, Attached is our invoice HT-8807-A totaling $1,437.91 for emergency dishwasher repair. This covers the delivery to your Brookline site. Terms are Net 15. Regards, Grace Mensah KitchenTech Repair",KitchenTech Repair,HT-8807-A,1437.91,5100,auto_approve
inv-tr-0320,"Please find attached invoice 262840 for nitrile gloves and trash liners delivered to the Back Bay location. Total due: $34,915.87, terms due on receipt. Regards, Ben Shah CleanPro Supply",CleanPro Supply,262840,34915.87,6200,cfo
inv-tr-0321,"Hello, Please find attached invoice INV-72924 for heavy cream, butter and cultured yogurt delivered to your Brookline site. Total due: $41,452.04, terms 2/10 Net 30. Regards, Elena Mensah Hilltop Creamery",Hilltop Creamery,INV-72924,41452.04,5110,hold_new_vendor
inv-tr-0322,"Hello, Attached is our invoice INV-43415 totaling $375.63 for repair of the walk-in cooler compressor. This covers the delivery to the commissary kitchen. Terms are due on receipt. KitchenTech Repair Billing Dept.",KitchenTech Repair,INV-43415,375.63,6300,auto_approve
inv-tr-0323,"Hello, Please find attached invoice A8621 for romaine, heirloom tomatoes and fresh herbs delivered to your Brookline site. Total due: $3,952.97, terms Net 15. Regards, Nina Singh Green Valley Produce",Green Valley Produce,A8621,3952.97,5100,cfo
inv-tr-0324,"Hello, Please find attached invoice INV-17059 for bar towels and linens rental delivered to Harvest Table Somerville. Total due: $31,426.24, terms Net 45. Regards, Luca Reyes Metro Linen Service",Metro Linen Service,INV-17059,31426.24,6400,cfo
inv-tr-0325,"Dear Accounts Payable, Invoice #INV-91596 is attached for repair of the walk-in cooler compressor (your Brookline site). Amount: $1,456.22. Payment terms: Net 30. Best, Aisha Reyes, Accounts Receivable, FixIt Appliance Pros",FixIt Appliance Pros,INV-91596,1456.22,6300,hold_new_vendor
inv-tr-0326,"Good morning, Attached is our invoice HT-7763-B totaling $1,145.01 for whole milk and creme fraiche. This covers the delivery to the Seaport kitchen. Terms are Net 30. Hilltop Creamery Billing Dept.",Hilltop Creamery,HT-7763-B,1145.01,5110,auto_approve
inv-tr-0327,"Dear Accounts Payable, Invoice #HT-1004-E is attached for this week's citrus and stone fruit (the Back Bay location). Amount: $1,274.51. Payment terms: Net 30. Best, Ben Okafor, Accounts Receivable, Green Valley Produce",Green Valley Produce,HT-1004-E,1274.51,5100,auto_approve
inv-tr-0328,"Good morning, Invoice #INV-12464 is attached for dry-aged ribeyes and short rib (Harvest Table Somerville). Amount: $3,486.95. Payment terms: Net 30. Regards, Tom Garcia Atlantic Catch Seafood",Atlantic Catch Seafood,INV-12464,3486.95,5120,manager
inv-tr-0329,"Hi Harvest Table AP team, Invoice #A1829 is attached for fresh cod, scallops and littleneck clams (the commissary kitchen). Amount: $4,586.77. Payment terms: Net 15. Thanks, Aisha Dubois | Atlantic Catch Seafood",Atlantic Catch Seafood,A1829,4586.77,5120,manager
inv-tr-0330,"Attached is our invoice B7358 totaling $1,214.00 for dry-aged ribeyes and short rib. This covers the delivery to the Seaport kitchen. Terms are due on receipt. Prime Cut Meats Billing Dept.",Prime Cut Meats,B7358,1214.00,6400,auto_approve
inv-tr-0331,"Hi Harvest Table AP team, Reminder: invoice A5726 ($247.64) for salmon fillets and shrimp to the Seaport kitchen has been issued. Terms due on receipt. Thank you for your business. Thanks, Yara Patel | Atlantic Catch Seafood",Atlantic Catch Seafood,A5726,247.64,5120,auto_approve
inv-tr-0332,"Hi Harvest Table AP team, Attached is our invoice A3098 totaling $3,054.06 for organic baby spinach and root vegetables. This covers the delivery to your Cambridge restaurant. Terms are due on receipt. Regards, Sofia Tanaka Green Valley Produce",Green Valley Produce,A3098,3054.06,5100,manager
inv-tr-0333,"Reminder: invoice HT-5842-C ($9,010.50) for degreaser, sanitizer and floor cleaner to your Brookline site has been issued. Terms Net 30. Thank you for your business. CleanPro Supply Billing Dept.",CleanPro Supply,HT-5842-C,9010.50,6200,manager
inv-tr-0334,"Good morning, Reminder: invoice C1345 ($3,703.77) for mozzarella and ricotta for the pizza line to the Seaport kitchen has been issued. Terms Net 45. Thank you for your business. Regards, Rachel Garcia Blue Ox Butchers",Blue Ox Butchers,C1345,3703.77,5110,hold_new_vendor
inv-tr-0335,"Dear Accounts Payable, Please find attached invoice INV-18298 for chef coats and aprons laundering delivered to the Seaport kitchen. Total due: $365.55, terms due on receipt. Thanks, Camila Singh | Metro Linen Service",Metro Linen Service,INV-18298,365.55,6200,auto_approve
inv-tr-0336,"Hi Harvest Table AP team, We are writing to submit invoice no. 366912 in the amount of $500.85 for fresh cod, scallops and littleneck clams at your Brookline site, payable Net 30. Best, Mei Silva, Accounts Receivable, Atlantic Catch Seafood",Atlantic Catch Seafood,366912,500.85,5120,auto_approve
inv-tr-0337,"Hello, Attached is our invoice INV-92198 totaling $2,168 for napkin and tablecloth service. This covers the delivery to the Seaport kitchen. Terms are 2/10 Net 30. Thanks, Luca Ali | Pinecrest Provisions",Pinecrest Provisions,INV-92198,2168.00,6400,hold_new_vendor
inv-tr-0338,"Hello, We are writing to submit invoice no. 473720 in the amount of $996.57 for mozzarella and ricotta for the pizza line at your Cambridge restaurant, payable due on receipt. Bay State Dairy Billing Dept.",Bay State Dairy,473720,996.57,5110,auto_approve
inv-tr-0339,"Dear Accounts Payable, Reminder: invoice C7919 ($7,423.00) for emergency dishwasher repair to your Cambridge restaurant has been issued. Terms 2/10 Net 30. Thank you for your business. Regards, Kenji Singh KitchenTech Repair",KitchenTech Repair,C7919,7423.00,6300,hold_new_vendor
inv-tr-0340,"Reminder: invoice B9323 ($924.94) for napkin and tablecloth service to the commissary kitchen has been issued. Terms 2/10 Net 30. Thank you for your business. Regards, Grace Reyes Metro Linen Service",Metro Linen Service,B9323,924.94,6400,auto_approve
inv-tr-0341,"Hello, Invoice #B8542 is attached for the weekly cheese order (your Brookline site). Amount: $14,370.98. Payment terms: Net 45. Bay State Dairy Billing Dept.",Bay State Dairy,B8542,14370.98,5110,cfo
inv-tr-0342,"Hello, Invoice #B7429 is attached for chicken thighs and pork shoulder (your Brookline site). Amount: $690. Payment terms: Net 45. Thanks, Maria Ali | Atlantic Catch Seafood",Atlantic Catch Seafood,B7429,690.00,5120,auto_approve
inv-tr-0343,"Hi Harvest Table AP team, We are writing to submit invoice no. HT-9998-C in the amount of $1,833.41 for dry-aged ribeyes and short rib at your Cambridge restaurant, payable Net 30. Best, Aisha Shah, Accounts Receivable, Coastal Linen Partners",Coastal Linen Partners,HT-9998-C,1833.41,5120,hold_new_vendor
inv-tr-0344,"Reminder: invoice HT-4856-B ($33,402.00) for romaine, heirloom tomatoes and fresh herbs to the commissary kitchen has been issued. Terms Net 30. Thank you for your business. Sunrise Farms Co-op Billing Dept.",Sunrise Farms Co-op,HT-4856-B,33402.00,5100,cfo
inv-tr-0345,"Hello, Invoice #INV-62907 is attached for napkin and tablecloth service (Harvest Table Somerville). Amount: $13,464.39. Payment terms: Net 15. Regards, Hannah Reyes Golden Meadow Dairy",Golden Meadow Dairy,INV-62907,13464.39,6400,hold_new_vendor
inv-tr-0346,"Hello, Reminder: invoice INV-56926 ($1,003.20) for fresh cod, scallops and littleneck clams to the commissary kitchen has been issued. Terms Net 15. Thank you for your business. Thanks, Luca Reyes | Atlantic Catch Seafood",Atlantic Catch Seafood,INV-56926,1003.20,5120,auto_approve
inv-tr-0347,"Dear Accounts Payable, Please find attached invoice INV-79819 for avocados, limes and cilantro delivered to Harvest Table Somerville. Total due: $737, terms Net 45. Best, Priya Singh, Accounts Receivable, Sunrise Farms Co-op",Sunrise Farms Co-op,INV-79819,737.00,5100,auto_approve
inv-tr-0348,"Dear Accounts Payable, We are writing to submit invoice no. HT-3598-E in the amount of $1,101.38 for chef coats and aprons laundering at the Back Bay location, payable Net 45. Metro Linen Service Billing Dept.",Metro Linen Service,HT-3598-E,1101.38,6400,auto_approve
inv-tr-0349,"Hi Harvest Table AP team, Attached is our invoice B3655 totaling $1,059.49 for salmon fillets and shrimp. This covers the delivery to the Back Bay location. Terms are Net 30. Regards, Kenji Murphy Atlantic Catch Seafood",Atlantic Catch Seafood,B3655,1059.49,5120,auto_approve
inv-tr-0350,"We are writing to submit invoice no. INV-54308 in the amount of $8,669.85 for napkin and tablecloth service at your Cambridge restaurant, payable Net 15. Metro Linen Service Billing Dept.",Metro Linen Service,INV-54308,8669.85,6400,manager
inv-tr-0351,"Dear Accounts Payable, We are writing to submit invoice no. 858056 in the amount of $1,814.35 for salmon fillets and shrimp at the Seaport kitchen, payable Net 30. Regards, Fatima Haddad Prime Cut Meats",Prime Cut Meats,858056,1814.35,5120,auto_approve
inv-tr-0352,"Hello, We are writing to submit invoice no. 317236 in the amount of $1,914.55 for salmon fillets and shrimp at your Cambridge restaurant, payable Net 45. Thanks, Dev Garcia | Pinecrest Provisions",Pinecrest Provisions,317236,1914.55,5120,hold_new_vendor
inv-tr-0353,"Reminder: invoice HT-5809-D ($20,820.03) for avocados, limes and cilantro to Harvest Table Somerville has been issued. Terms Net 15. Thank you for your business. Regards, Chen Reyes Sunrise Farms Co-op",Sunrise Farms Co-op,HT-5809-D,20820.03,5100,manager
inv-tr-0354,"Hello, Reminder: invoice 875861 ($35,366.97) for chef coats and aprons laundering to the commissary kitchen has been issued. Terms Net 15. Thank you for your business. Best, Mei Mensah, Accounts Receivable, Rivera Family Farms",Rivera Family Farms,875861,35366.97,6400,hold_new_vendor
inv-tr-0355,"Dear Accounts Payable, Please find attached invoice 391089 for the weekly cheese order delivered to Harvest Table Somerville. Total due: $308.62, terms Net 45. Best, Ben Tanaka, Accounts Receivable, Northshore Fish Market",Northshore Fish Market,391089,308.62,5110,manager
inv-tr-0356,"Good morning, We are writing to submit invoice no. 715274 in the amount of $1,467.36 for chicken thighs and pork shoulder at your Brookline site, payable Net 45. Regards, Nina Larsen Prime Cut Meats",Prime Cut Meats,715274,1467.36,5120,auto_approve
inv-tr-0357,"Hi Harvest Table AP team, Reminder: invoice 558645 ($18,030.49) for dry-aged ribeyes and short rib to the Back Bay location has been issued. Terms Net 30. Thank you for your business. Regards, Lily Larsen Prime Cut Meats",Prime Cut Meats,558645,18030.49,5120,cfo
inv-tr-0358,"Hello, We are writing to submit invoice no. A8438 in the amount of $529.07 for heavy cream, butter and cultured yogurt at the commissary kitchen, payable 2/10 Net 30. Best, Camila Garcia, Accounts Receivable, Bay State Dairy",Bay State Dairy,A8438,529.07,6300,auto_approve
inv-tr-0359,"Good morning, Attached is our invoice 526512 totaling $1,890.99 for bar towels and linens rental. This covers the delivery to Harvest Table Somerville. Terms are Net 15. Best, Zara Ali, Accounts Receivable, Metro Linen Service",Metro Linen Service,526512,1890.99,6400,auto_approve
inv-tr-0360,"Good morning, We are writing to submit invoice no. INV-65981 in the amount of $3,056.93 for romaine, heirloom tomatoes and fresh herbs at your Cambridge restaurant, payable Net 45. Thanks, Grace Shah | Sunrise Farms Co-op",Sunrise Farms Co-op,INV-65981,3056.93,5100,manager
inv-tr-0361,"Hello, Reminder: invoice C8169 ($1,480.18) for organic baby spinach and root vegetables to the Seaport kitchen has been issued. Terms 2/10 Net 30. Thank you for your business. Thanks, Mateo Singh | Sunrise Farms Co-op",Sunrise Farms Co-op,C8169,1480.18,5100,manager
inv-tr-0362,"Good morning, Please find attached invoice C8398 for romaine, heirloom tomatoes and fresh herbs delivered to the Seaport kitchen. Total due: $807.06, terms Net 45. Best, Chen Brooks, Accounts Receivable, Green Valley Produce",Green Valley Produce,C8398,807.06,5100,auto_approve
inv-tr-0363,"Dear Accounts Payable, Attached is our invoice HT-9325-A totaling $1,753 for organic baby spinach and root vegetables. This covers the delivery to your Brookline site. Terms are 2/10 Net 30. Regards, Kenji Haddad Sparkle Janitorial",Sparkle Janitorial,HT-9325-A,1753.00,5100,hold_new_vendor
inv-tr-0364,"Good morning, Reminder: invoice 364958 ($2,104.99) for fryer thermostat replacement to Harvest Table Somerville has been issued. Terms due on receipt. Thank you for your business. FixIt Appliance Pros Billing Dept.",FixIt Appliance Pros,364958,2104.99,6300,hold_new_vendor
inv-tr-0365,"Good morning, Invoice #INV-34143 is attached for dry-aged ribeyes and short rib (the Seaport kitchen). Amount: $1,765.35. Payment terms: Net 30. Ace Restaurant Services Billing Dept.",Ace Restaurant Services,INV-34143,1765.35,5120,hold_new_vendor
inv-tr-0366,"Hello, Attached is our invoice C4850 totaling $8,286.67 for napkin and tablecloth service. This covers the delivery to the Back Bay location. Terms are due on receipt. FixIt Appliance Pros Billing Dept.",FixIt Appliance Pros,C4850,8286.67,6400,hold_new_vendor
inv-tr-0367,"Hello, Attached is our invoice INV-27969 totaling $7,045.00 for napkin and tablecloth service. This covers the delivery to your Brookline site. Terms are Net 30. Metro Linen Service Billing Dept.",Metro Linen Service,INV-27969,7045.00,6400,manager
inv-tr-0368,"Please find attached invoice 743194 for the monthly chemical restock delivered to Harvest Table Somerville. Total due: $6,546.97, terms due on receipt. Best, Noah Kim, Accounts Receivable, CleanPro Supply",CleanPro Supply,743194,6546.97,6200,auto_approve
inv-tr-0369,"Hi Harvest Table AP team, Please find attached invoice B6344 for the weekly cheese order delivered to the commissary kitchen. Total due: $3,432.72, terms Net 45. Regards, Maria Mensah Bay State Dairy",Bay State Dairy,B6344,3432.72,5100,manager
inv-tr-0370,"Good morning, Invoice #INV-98725 is attached for fryer thermostat replacement (your Cambridge restaurant). Amount: $26,602.48. Payment terms: 2/10 Net 30. Thanks, Diego Tanaka | KitchenTech Repair",KitchenTech Repair,INV-98725,26602.48,6300,cfo
inv-tr-0371,"Hello, Invoice #INV-38091 is attached for whole milk and creme fraiche (Harvest Table Somerville). Amount: $818.51. Payment terms: 2/10 Net 30. Thanks, Maria Rossi | Bay State Dairy",Bay State Dairy,INV-38091,818.51,5110,auto_approve
inv-tr-0372,"Hello, Reminder: invoice HT-6970-E ($8,794.88) for napkin and tablecloth service to the Seaport kitchen has been issued. Terms Net 30. Thank you for your business. Best, Mateo Shah, Accounts Receivable, Coastal Linen Partners",Coastal Linen Partners,HT-6970-E,8794.88,6400,hold_new_vendor
inv-tr-0373,"Hello, Reminder: invoice 983683 ($1,888.00) for romaine, heirloom tomatoes and fresh herbs to your Cambridge restaurant has been issued. Terms due on receipt. Thank you for your business. Best, Kenji Silva, Accounts Receivable, Urban Greens LLC",Urban Greens LLC,983683,1888.00,5100,hold_new_vendor
inv-tr-0374,"Dear Accounts Payable, Reminder: invoice 876215 ($723.00) for whole milk and creme fraiche to your Cambridge restaurant has been issued. Terms Net 15. Thank you for your business. Sparkle Janitorial Billing Dept.",Sparkle Janitorial,876215,723.00,5110,hold_new_vendor
inv-tr-0375,"Hi Harvest Table AP team, Invoice #HT-2223-C is attached for fresh cod, scallops and littleneck clams (your Brookline site). Amount: $1,680.20. Payment terms: Net 30. Thanks, Lily Tanaka | Atlantic Catch Seafood",Atlantic Catch Seafood,HT-2223-C,1680.20,5120,manager
inv-tr-0376,"Good morning, Invoice #HT-5997-E is attached for nitrile gloves and trash liners (the commissary kitchen). Amount: $532.69. Payment terms: Net 30. CleanPro Supply Billing Dept.",CleanPro Supply,HT-5997-E,532.69,6200,auto_approve
inv-tr-0377,"Please find attached invoice INV-56106 for dry-aged ribeyes and short rib delivered to the commissary kitchen. Total due: $720.89, terms Net 15. Regards, Tom Dubois Atlantic Catch Seafood",Atlantic Catch Seafood,INV-56106,720.89,5120,auto_approve
inv-tr-0378,"Hi Harvest Table AP team, Invoice #INV-72223 is attached for bar towels and linens rental (the commissary kitchen). Amount: $23,105. Payment terms: Net 15. Best, Arjun Murphy, Accounts Receivable, Metro Linen Service",Metro Linen Service,INV-72223,23105.00,6400,cfo
inv-tr-0379,"Invoice #542174 is attached for dry-aged ribeyes and short rib (your Cambridge restaurant). Amount: $1,886.62. Payment terms: Net 45. Best, Yara Reyes, Accounts Receivable, Ace Restaurant Services",Ace Restaurant Services,542174,1886.62,6400,hold_new_vendor
inv-tr-0380,"Hello, Please find attached invoice INV-52892 for organic baby spinach and root vegetables delivered to the Back Bay location. Total due: $1,330.00, terms due on receipt. Blue Ox Butchers Billing Dept.",Blue Ox Butchers,INV-52892,1330.00,5110,hold_new_vendor
inv-tr-0381,"Hello, Attached is our invoice A1231 totaling $24,517.75 for salmon fillets and shrimp. This covers the delivery to the Seaport kitchen. Terms are 2/10 Net 30. Regards, Tom Novak Urban Greens LLC",Urban Greens LLC,A1231,24517.75,5120,hold_new_vendor
inv-tr-0382,"Hi Harvest Table AP team, Reminder: invoice 348948 ($530.96) for nitrile gloves and trash liners to your Cambridge restaurant has been issued. Terms Net 15. Thank you for your business. Thanks, Zara Kim | CleanPro Supply",CleanPro Supply,348948,530.96,6200,auto_approve
inv-tr-0383,"Attached is our invoice HT-6344-E totaling $5,445.45 for service call on the combi oven. This covers the delivery to Harvest Table Somerville. Terms are Net 30. Regards, Kenji Wang Rivera Family Farms",Rivera Family Farms,HT-6344-E,5445.45,6300,manager
inv-tr-0384,"Dear Accounts Payable, Attached is our invoice INV-95116 totaling $37,798.00 for bar towels and linens rental. This covers the delivery to the Seaport kitchen. Terms are due on receipt. Metro Linen Service Billing Dept.",Metro Linen Service,INV-95116,37798.00,6400,cfo
inv-tr-0385,"Attached is our invoice INV-59927 totaling $4,474.20 for chef coats and aprons laundering. This covers the delivery to your Cambridge restaurant. Terms are due on receipt. Thanks, Tom Singh | Metro Linen Service",Metro Linen Service,INV-59927,4474.20,6400,manager
inv-tr-0386,"Reminder: invoice 959603 ($32,700.92) for dry-aged ribeyes and short rib to your Brookline site has been issued. Terms 2/10 Net 30. Thank you for your business. Atlantic Catch Seafood Billing Dept.",Atlantic Catch Seafood,959603,32700.92,5120,cfo
inv-tr-0387,"Dear Accounts Payable, Attached is our invoice HT-3475-C totaling $3,437.61 for avocados, limes and cilantro. This covers the delivery to your Cambridge restaurant. Terms are Net 45. Ace Restaurant Services Billing Dept.",Ace Restaurant Services,HT-3475-C,3437.61,5100,hold_new_vendor
inv-tr-0388,"Reminder: invoice A1416 ($327.08) for dish machine detergent and rinse aid to your Cambridge restaurant has been issued. Terms Net 30. Thank you for your business. Regards, Camila Novak CleanPro Supply",CleanPro Supply,A1416,327.08,5110,auto_approve
inv-tr-0389,"Dear Accounts Payable, Attached is our invoice HT-9476-C totaling $1,819.40 for chicken thighs and pork shoulder. This covers the delivery to your Cambridge restaurant. Terms are Net 15. Best, Mei Garcia, Accounts Receivable, Prime Cut Meats",Prime Cut Meats,HT-9476-C,1819.40,5120,auto_approve
inv-tr-0390,"Dear Accounts Payable, Reminder: invoice HT-5085-B ($636.00) for whole milk and creme fraiche to Harvest Table Somerville has been issued. Terms Net 30. Thank you for your business. Thanks, Camila Silva | Urban Greens LLC",Urban Greens LLC,HT-5085-B,636.00,5110,cfo
inv-tr-0391,"Hi Harvest Table AP team, Attached is our invoice INV-30632 totaling $24,267 for salmon fillets and shrimp. This covers the delivery to the Seaport kitchen. Terms are due on receipt. Regards, Nina Reyes Atlantic Catch Seafood",Atlantic Catch Seafood,INV-30632,24267.00,5120,cfo
inv-tr-0392,"Invoice #INV-57038 is attached for fresh cod, scallops and littleneck clams (your Brookline site). Amount: $2,148.00. Payment terms: 2/10 Net 30. Regards, Noah Singh Atlantic Catch Seafood",Atlantic Catch Seafood,INV-57038,2148.00,5120,auto_approve
inv-tr-0393,"Hi Harvest Table AP team, We are writing to submit invoice no. C4273 in the amount of $881.99 for this week's citrus and stone fruit at Harvest Table Somerville, payable 2/10 Net 30. Best, Hannah Murphy, Accounts Receivable, Green Valley Produce",Green Valley Produce,C4273,881.99,5100,auto_approve
inv-tr-0394,"Good morning, Invoice #658536 is attached for dish machine detergent and rinse aid (Harvest Table Somerville). Amount: $4,894.78. Payment terms: Net 15. Thanks, Samuel Wang | Golden Meadow Dairy",Golden Meadow Dairy,658536,4894.78,6400,hold_new_vendor
inv-tr-0395,"Hi Harvest Table AP team, Please find attached invoice HT-1981-B for avocados, limes and cilantro delivered to your Cambridge restaurant. Total due: $1,631.79, terms Net 30. Regards, James Mensah Green Valley Produce",Green Valley Produce,HT-1981-B,1631.79,5100,auto_approve
inv-tr-0396,"Hello, Invoice #134426 is attached for mozzarella and ricotta for the pizza line (the Back Bay location). Amount: $37,922.83. Payment terms: Net 15. Best, James Kim, Accounts Receivable, FixIt Appliance Pros",FixIt Appliance Pros,134426,37922.83,5110,hold_new_vendor
inv-tr-0397,"We are writing to submit invoice no. HT-1041-A in the amount of $1,275.52 for this week's citrus and stone fruit at your Brookline site, payable Net 45. Best, James Ali, Accounts Receivable, Pinecrest Provisions",Pinecrest Provisions,HT-1041-A,1275.52,5100,auto_approve
inv-tr-0398,"Good morning, Please find attached invoice C7404 for salmon fillets and shrimp delivered to the Seaport kitchen. Total due: $1,016.93, terms Net 30. Regards, Luca Patel Prime Cut Meats",Prime Cut Meats,C7404,1016.93,5120,auto_approve
inv-tr-0399,"Hello, We are writing to submit invoice no. C3976 in the amount of $4,523.58 for fryer thermostat replacement at the commissary kitchen, payable Net 30. Regards, Zara Cohen KitchenTech Repair",KitchenTech Repair,C3976,4523.58,6300,manager
inv-tr-0400,"We are writing to submit invoice no. HT-8016-D in the amount of $5,208.92 for fresh cod, scallops and littleneck clams at Harvest Table Somerville, payable due on receipt. Best, Arjun Okafor, Accounts Receivable, Prime Cut Meats",Prime Cut Meats,HT-8016-D,5208.92,5120,auto_approve
inv-tr-0401,"Dear Accounts Payable, We are writing to submit invoice no. 647392 in the amount of $34,240.41 for mozzarella and ricotta for the pizza line at the Seaport kitchen, payable Net 15. Regards, Omar Mensah Hilltop Creamery",Hilltop Creamery,647392,34240.41,5120,cfo
inv-tr-0402,"Hello, Please find attached invoice 741294 for dry-aged ribeyes and short rib delivered to your Cambridge restaurant. Total due: $1,398.25, terms Net 45. Regards, Ben Okafor Coastal Linen Partners",Coastal Linen Partners,741294,1398.25,5120,hold_new_vendor
inv-tr-0403,"Good morning, We are writing to submit invoice no. INV-13739 in the amount of $34,936.80 for this week's citrus and stone fruit at the Seaport kitchen, payable Net 15. Thanks, Diego Murphy | Green Valley Produce",Green Valley Produce,INV-13739,34936.80,5110,cfo
inv-tr-0404,"Hi Harvest Table AP team, Please find attached invoice INV-56450 for emergency dishwasher repair delivered to Harvest Table Somerville. Total due: $7,178.61, terms Net 15. Best, Kenji Tanaka, Accounts Receivable, KitchenTech Repair",KitchenTech Repair,INV-56450,7178.61,6300,hold_new_vendor
inv-tr-0405,"Good morning, Reminder: invoice 149750 ($1,519.51) for the monthly chemical restock to the commissary kitchen has been issued. Terms 2/10 Net 30. Thank you for your business. Thanks, Olu Novak | CleanPro Supply",CleanPro Supply,149750,1519.51,6200,auto_approve
inv-tr-0406,"Reminder: invoice HT-1051-C ($608.54) for chef coats and aprons laundering to the Seaport kitchen has been issued. Terms 2/10 Net 30. Thank you for your business. Best, Camila Garcia, Accounts Receivable, Metro Linen Service",Metro Linen Service,HT-1051-C,608.54,6400,auto_approve
inv-tr-0407,"Please find attached invoice INV-61907 for the monthly chemical restock delivered to the Seaport kitchen. Total due: $5,902.41, terms Net 45. Thanks, Omar Haddad | CleanPro Supply",CleanPro Supply,INV-61907,5902.41,6200,manager
inv-tr-0408,"Dear Accounts Payable, Reminder: invoice C3273 ($806.46) for the monthly chemical restock to Harvest Table Somerville has been issued. Terms 2/10 Net 30. Thank you for your business. Thanks, Camila Singh | Rivera Family Farms",Rivera Family Farms,C3273,806.46,6300,hold_new_vendor
inv-tr-0409,"Please find attached invoice HT-6525-B for avocados, limes and cilantro delivered to the commissary kitchen. Total due: $8,032.02, terms 2/10 Net 30. Sunrise Farms Co-op Billing Dept.",Sunrise Farms Co-op,HT-6525-B,8032.02,5100,hold_new_vendor
inv-tr-0410,"Hello, Attached is our invoice HT-3792-E totaling $1,299.00 for romaine, heirloom tomatoes and fresh herbs. This covers the delivery to the Seaport kitchen. Terms are Net 15. Best, Samuel Wang, Accounts Receivable, Sunrise Farms Co-op",Sunrise Farms Co-op,HT-3792-E,1299.00,5100,auto_approve
inv-tr-0411,"Dear Accounts Payable, Please find attached invoice B5672 for avocados, limes and cilantro delivered to the Back Bay location. Total due: $8,007, terms Net 15. Regards, Dev Okafor Green Valley Produce",Green Valley Produce,B5672,8007.00,5100,manager
inv-tr-0412,"Please find attached invoice 933621 for nitrile gloves and trash liners delivered to Harvest Table Somerville. Total due: $6,939.90, terms 2/10 Net 30. CleanPro Supply Billing Dept.",CleanPro Supply,933621,6939.90,6200,manager
inv-tr-0413,"We are writing to submit invoice no. INV-16837 in the amount of $1,038.44 for heavy cream, butter and cultured yogurt at your Brookline site, payable due on receipt. Regards, Tom Garcia Sparkle Janitorial",Sparkle Janitorial,INV-16837,1038.44,5110,hold_new_vendor
inv-tr-0414,"Hi Harvest Table AP team, Invoice #INV-13733 is attached for heavy cream, butter and cultured yogurt (the Back Bay location). Amount: $3,964.78. Payment terms: Net 30. Thanks, Elena Rossi | Bay State Dairy",Bay State Dairy,INV-13733,3964.78,5110,manager
inv-tr-0415,"Attached is our invoice 597624 totaling $30,999.00 for romaine, heirloom tomatoes and fresh herbs. This covers the delivery to the Back Bay location. Terms are Net 30. Thanks, Aisha Wang | Sunrise Farms Co-op",Sunrise Farms Co-op,597624,30999.00,5100,cfo
inv-tr-0416,"Hi Harvest Table AP team, Please find attached invoice HT-5517-D for repair of the walk-in cooler compressor delivered to the commissary kitchen. Total due: $8,921.87, terms 2/10 Net 30. Regards, Fatima Mensah KitchenTech Repair",KitchenTech Repair,HT-5517-D,8921.87,6300,manager
inv-tr-0417,"Hello, Please find attached invoice 182728 for organic baby spinach and root vegetables delivered to Harvest Table Somerville. Total due: $437, terms due on receipt. Green Valley Produce Billing Dept.",Green Valley Produce,182728,437.00,5100,manager
inv-tr-0418,"Hello, Reminder: invoice B6175 ($1,972.31) for the weekly cheese order to your Cambridge restaurant has been issued. Terms Net 45. Thank you for your business. Regards, Chen Ali Hilltop Creamery",Hilltop Creamery,B6175,1972.31,5110,auto_approve
inv-tr-0419,"Hello, Please find attached invoice HT-2405-A for salmon fillets and shrimp delivered to your Cambridge restaurant. Total due: $1,697.00, terms Net 30. Best, Mei Cohen, Accounts Receivable, Atlantic Catch Seafood",Atlantic Catch Seafood,HT-2405-A,1697.00,5120,auto_approve
inv-tr-0420,"Hello, Please find attached invoice A4501 for chicken thighs and pork shoulder delivered to the commissary kitchen. Total due: $1,874.07, terms 2/10 Net 30. Regards, Mei Larsen Prime Cut Meats",Prime Cut Meats,A4501,1874.07,5120,auto_approve
inv-tr-0421,"Dear Accounts Payable, Reminder: invoice 425631 ($2,194.65) for chef coats and aprons laundering to your Brookline site has been issued. Terms Net 45. Thank you for your business. Thanks, Grace Garcia | Metro Linen Service",Metro Linen Service,425631,2194.65,6400,auto_approve
inv-tr-0422,"Good morning, Reminder: invoice 877357 ($1,881.70) for fryer thermostat replacement to your Cambridge restaurant has been issued. Terms 2/10 Net 30. Thank you for your business. Thanks, Diego Novak | KitchenTech Repair",KitchenTech Repair,877357,1881.70,6300,auto_approve
inv-tr-0423,"Good morning, Invoice #795676 is attached for avocados, limes and cilantro (the Seaport kitchen). Amount: $1,591.00. Payment terms: Net 30. Regards, Hannah Tanaka FixIt Appliance Pros",FixIt Appliance Pros,795676,1591.00,5100,hold_new_vendor
inv-tr-0424,"Hi Harvest Table AP team, Invoice #C3913 is attached for chef coats and aprons laundering (Harvest Table Somerville). Amount: $8,074.32. Payment terms: due on receipt. Best, Olu Reyes, Accounts Receivable, Metro Linen Service",Metro Linen Service,C3913,8074.32,6400,hold_new_vendor
inv-tr-0425,"Hello, Invoice #HT-9388-E is attached for the monthly chemical restock (Harvest Table Somerville). Amount: $1,840.50. Payment terms: Net 45. Golden Meadow Dairy Billing Dept.",Golden Meadow Dairy,HT-9388-E,1840.50,6200,cfo
inv-tr-0426,"Invoice #C2714 is attached for mozzarella and ricotta for the pizza line (the Seaport kitchen). Amount: $1,551.47. Payment terms: 2/10 Net 30. Best, Camila Singh, Accounts Receivable, Bay State Dairy",Bay State Dairy,C2714,1551.47,6200,auto_approve
inv-tr-0427,"Good morning, We are writing to submit invoice no. INV-31389 in the amount of $269.39 for the weekly cheese order at your Brookline site, payable 2/10 Net 30. Best, Fatima Rossi, Accounts Receivable, Sparkle Janitorial",Sparkle Janitorial,INV-31389,269.39,5110,hold_new_vendor
inv-tr-0428,"Hi Harvest Table AP team, Invoice #INV-86309 is attached for organic baby spinach and root vegetables (the commissary kitchen). Amount: $4,180.91. Payment terms: Net 45. Thanks, Ibrahim Reyes | Sunrise Farms Co-op",Sunrise Farms Co-op,INV-86309,4180.91,5100,manager
inv-tr-0429,"Hello, We are writing to submit invoice no. HT-6063-B in the amount of $1,574.49 for organic baby spinach and root vegetables at the commissary kitchen, payable due on receipt. Regards, Mateo Dubois Green Valley Produce",Green Valley Produce,HT-6063-B,1574.49,5100,auto_approve
inv-tr-0430,"Dear Accounts Payable, Reminder: invoice HT-2029-D ($6,397.66) for degreaser, sanitizer and floor cleaner to the commissary kitchen has been issued. Terms Net 45. Thank you for your business. Best, James Cohen, Accounts Receivable, Blue Ox Butchers",Blue Ox Butchers,HT-2029-D,6397.66,6200,hold_new_vendor
inv-tr-0431,"Dear Accounts Payable, Reminder: invoice C8297 ($4,275.96) for repair of the walk-in cooler compressor to Harvest Table Somerville has been issued. Terms Net 30. Thank you for your business. KitchenTech Repair Billing Dept.",KitchenTech Repair,C8297,4275.96,6300,manager
inv-tr-0432,"Hello, Attached is our invoice INV-86645 totaling $4,220.73 for napkin and tablecloth service. This covers the delivery to your Brookline site. Terms are Net 45. Northshore Fish Market Billing Dept.",Northshore Fish Market,INV-86645,4220.73,6400,hold_new_vendor
inv-tr-0433,"We are writing to submit invoice no. A8965 in the amount of $5,418 for dry-aged ribeyes and short rib at the Seaport kitchen, payable due on receipt. Regards, Olu Murphy Prime Cut Meats",Prime Cut Meats,A8965,5418.00,5120,manager
inv-tr-0434,"Please find attached invoice B2305 for organic baby spinach and root vegetables delivered to your Cambridge restaurant. Total due: $891.34, terms 2/10 Net 30. Sunrise Farms Co-op Billing Dept.",Sunrise Farms Co-op,B2305,891.34,5100,manager
inv-tr-0435,"Dear Accounts Payable, Invoice #INV-55864 is attached for mozzarella and ricotta for the pizza line (your Cambridge restaurant). Amount: $1,618.60. Payment terms: Net 30. Best, Mei Wang, Accounts Receivable, Hilltop Creamery",Hilltop Creamery,INV-55864,1618.60,6400,auto_approve
inv-tr-0436,"We are writing to submit invoice no. HT-5741-C in the amount of $24,507.76 for mozzarella and ricotta for the pizza line at the commissary kitchen, payable due on receipt. Regards, Sofia Singh Sparkle Janitorial",Sparkle Janitorial,HT-5741-C,24507.76,5110,hold_new_vendor
inv-tr-0437,"Hi Harvest Table AP team, Please find attached invoice INV-59757 for romaine, heirloom tomatoes and fresh herbs delivered to your Cambridge restaurant. Total due: $1,436.08, terms Net 45. Green Valley Produce Billing Dept.",Green Valley Produce,INV-59757,1436.08,5100,auto_approve
inv-tr-0438,"Dear Accounts Payable, We are writing to submit invoice no. 582902 in the amount of $253.00 for napkin and tablecloth service at your Brookline site, payable Net 15. Best, Camila Patel, Accounts Receivable, Urban Greens LLC",Urban Greens LLC,582902,253.00,6400,hold_new_vendor
inv-tr-0439,"Hello, Invoice #HT-3129-A is attached for fresh cod, scallops and littleneck clams (the commissary kitchen). Amount: $5,487.52. Payment terms: Net 30. Thanks, Mateo Silva | Prime Cut Meats",Prime Cut Meats,HT-3129-A,5487.52,5120,manager
inv-tr-0440,"Dear Accounts Payable, We are writing to submit invoice no. HT-5940-B in the amount of $5,339 for avocados, limes and cilantro at your Brookline site, payable 2/10 Net 30. Thanks, Samuel Singh | Green Valley Produce",Green Valley Produce,HT-5940-B,5339.00,5100,manager
inv-tr-0441,"Good morning, Attached is our invoice 987680 totaling $4,394.16 for avocados, limes and cilantro. This covers the delivery to the commissary kitchen. Terms are Net 30. Thanks, Fatima Novak | Sunrise Farms Co-op",Sunrise Farms Co-op,987680,4394.16,5100,cfo
inv-tr-0442,"Hello, Attached is our invoice B9936 totaling $22,729.00 for emergency dishwasher repair. This covers the delivery to the Seaport kitchen. Terms are 2/10 Net 30. Regards, Diego Kim Sparkle Janitorial",Sparkle Janitorial,B9936,22729.00,6300,hold_new_vendor
inv-tr-0443,"Dear Accounts Payable, We are writing to submit invoice no. 458842 in the amount of $18,846.63 for this week's citrus and stone fruit at your Brookline site, payable Net 15. Regards, Nina Silva Green Valley Produce",Green Valley Produce,458842,18846.63,5100,cfo
inv-tr-0444,"Hi Harvest Table AP team, Attached is our invoice C2632 totaling $187.64 for the monthly chemical restock. This covers the delivery to Harvest Table Somerville. Terms are Net 45. Regards, Samuel Larsen CleanPro Supply",CleanPro Supply,C2632,187.64,6200,auto_approve
inv-tr-0445,"Reminder: invoice 486962 ($1,756.20) for organic baby spinach and root vegetables to the commissary kitchen has been issued. Terms Net 15. Thank you for your business. Thanks, Ibrahim Murphy | Northshore Fish Market",Northshore Fish Market,486962,1756.20,5100,hold_new_vendor
inv-tr-0446,"Hi Harvest Table AP team, Reminder: invoice 493406 ($3,612.61) for chicken thighs and pork shoulder to Harvest Table Somerville has been issued. Terms 2/10 Net 30. Thank you for your business. Thanks, Grace Dubois | Prime Cut Meats",Prime Cut Meats,493406,3612.61,5120,manager
inv-tr-0447,"Hi Harvest Table AP team, Invoice #INV-22853 is attached for dry-aged ribeyes and short rib (Harvest Table Somerville). Amount: $3,253.86. Payment terms: 2/10 Net 30. Thanks, James Murphy | Prime Cut Meats",Prime Cut Meats,INV-22853,3253.86,5120,cfo
inv-tr-0448,"Hi Harvest Table AP team, Please find attached invoice HT-6343-C for fryer thermostat replacement delivered to your Brookline site. Total due: $594.83, terms Net 30. Regards, Sofia Haddad Urban Greens LLC",Urban Greens LLC,HT-6343-C,594.83,6300,cfo
inv-tr-0449,"Dear Accounts Payable, Please find attached invoice INV-91387 for organic baby spinach and root vegetables delivered to the Back Bay location. Total due: $4,362.58, terms 2/10 Net 30. Regards, James Dubois Green Valley Produce",Green Valley Produce,INV-91387,4362.58,5100,manager
inv-tr-0450,"Good morning, Attached is our invoice C9649 totaling $6,802 for organic baby spinach and root vegetables. This covers the delivery to your Brookline site. Terms are Net 45. Urban Greens LLC Billing Dept.",Urban Greens LLC,C9649,6802.00,6300,hold_new_vendor
inv-tr-0451,"Hello, Please find attached invoice 978829 for napkin and tablecloth service delivered to the commissary kitchen. Total due: $897.88, terms Net 45. Thanks, Mei Dubois | Metro Linen Service",Metro Linen Service,978829,897.88,6400,auto_approve
inv-tr-0452,"Good morning, Please find attached invoice HT-7636-A for bar towels and linens rental delivered to Harvest Table Somerville. Total due: $6,227.15, terms Net 45. Regards, Elena Kim Pinecrest Provisions",Pinecrest Provisions,HT-7636-A,6227.15,6400,hold_new_vendor
inv-tr-0453,"Dear Accounts Payable, Reminder: invoice C4964 ($759.97) for dry-aged ribeyes and short rib to Harvest Table Somerville has been issued. Terms Net 30. Thank you for your business. Atlantic Catch Seafood Billing Dept.",Atlantic Catch Seafood,C4964,759.97,5120,manager
inv-tr-0454,"Hi Harvest Table AP team, Invoice #A7740 is attached for repair of the walk-in cooler compressor (Harvest Table Somerville). Amount: $24,774.40. Payment terms: due on receipt. Best, Diego Okafor, Accounts Receivable, KitchenTech Repair",KitchenTech Repair,A7740,24774.40,6300,cfo
inv-tr-0455,"Hello, Attached is our invoice A5812 totaling $1,315.15 for romaine, heirloom tomatoes and fresh herbs. This covers the delivery to your Brookline site. Terms are 2/10 Net 30. Thanks, Maria Tanaka | Green Valley Produce",Green Valley Produce,A5812,1315.15,5100,cfo
inv-tr-0456,"Hello, Attached is our invoice INV-99612 totaling $1,423.74 for romaine, heirloom tomatoes and fresh herbs. This covers the delivery to your Brookline site. Terms are due on receipt. Sunrise Farms Co-op Billing Dept.",Sunrise Farms Co-op,INV-99612,1423.74,5100,auto_approve
inv-tr-0457,"Good morning, Attached is our invoice 880564 totaling $1,412.29 for chef coats and aprons laundering. This covers the delivery to your Cambridge restaurant. Terms are Net 45. Best, Luca Rossi, Accounts Receivable, Metro Linen Service",Metro Linen Service,880564,1412.29,5100,auto_approve
inv-tr-0458,"Hi Harvest Table AP team, Attached is our invoice A5432 totaling $1,051.85 for avocados, limes and cilantro. This covers the delivery to your Brookline site. Terms are Net 15. Urban Greens LLC Billing Dept.",Urban Greens LLC,A5432,1051.85,5100,hold_new_vendor
inv-tr-0459,"Dear Accounts Payable, Attached is our invoice HT-7349-B totaling $28,785.00 for organic baby spinach and root vegetables. This covers the delivery to the Seaport kitchen. Terms are Net 30. Thanks, James Larsen | Green Valley Produce",Green Valley Produce,HT-7349-B,28785.00,5100,cfo
inv-tr-0460,"Hi Harvest Table AP team, Reminder: invoice B6017 ($1,067.45) for avocados, limes and cilantro to your Brookline site has been issued. Terms Net 15. Thank you for your business. Regards, Camila Novak Blue Ox Butchers",Blue Ox Butchers,B6017,1067.45,5100,hold_new_vendor
inv-tr-0461,"Hi Harvest Table AP team, Attached is our invoice INV-50334 totaling $5,858.09 for fryer thermostat replacement. This covers the delivery to your Brookline site. Terms are Net 45. Pinecrest Provisions Billing Dept.",Pinecrest Provisions,INV-50334,5858.09,6300,hold_new_vendor
inv-tr-0462,"Dear Accounts Payable, Please find attached invoice INV-98549 for mozzarella and ricotta for the pizza line delivered to the Back Bay location. Total due: $29,180.85, terms Net 30. Thanks, Tom Ali | Hilltop Creamery",Hilltop Creamery,INV-98549,29180.85,5120,cfo
inv-tr-0463,"Hi Harvest Table AP team, Invoice #INV-59793 is attached for whole milk and creme fraiche (the Back Bay location). Amount: $6,448.06. Payment terms: Net 45. Regards, Diego Larsen Hilltop Creamery",Hilltop Creamery,INV-59793,6448.06,5110,manager
inv-tr-0464,"Invoice #437361 is attached for romaine, heirloom tomatoes and fresh herbs (the Seaport kitchen). Amount: $4,518. Payment terms: due on receipt. Sparkle Janitorial Billing Dept.",Sparkle Janitorial,437361,4518.00,5100,hold_new_vendor
inv-tr-0465,"We are writing to submit invoice no. 498968 in the amount of $450.00 for chef coats and aprons laundering at your Cambridge restaurant, payable Net 15. Thanks, Lily Silva | Metro Linen Service",Metro Linen Service,498968,450.00,5100,auto_approve
inv-tr-0466,"Dear Accounts Payable, Please find attached invoice C5464 for nitrile gloves and trash liners delivered to Harvest Table Somerville. Total due: $7,753.07, terms due on receipt. Regards, Nina Tanaka Blue Ox Butchers",Blue Ox Butchers,C5464,7753.07,6200,hold_new_vendor
inv-tr-0467,"Invoice #HT-3082-D is attached for mozzarella and ricotta for the pizza line (Harvest Table Somerville). Amount: $1,511.62. Payment terms: due on receipt. Bay State Dairy Billing Dept.",Bay State Dairy,HT-3082-D,1511.62,5110,auto_approve
inv-tr-0468,"Good morning, Reminder: invoice INV-82401 ($5,579.95) for dry-aged ribeyes and short rib to your Cambridge restaurant has been issued. Terms Net 15. Thank you for your business. Atlantic Catch Seafood Billing Dept.",Atlantic Catch Seafood,INV-82401,5579.95,5120,manager
inv-tr-0469,"Dear Accounts Payable, We are writing to submit invoice no. HT-7798-D in the amount of $1,654.07 for napkin and tablecloth service at your Brookline site, payable Net 30. Best, Chen Murphy, Accounts Receivable, Rivera Family Farms",Rivera Family Farms,HT-7798-D,1654.07,5110,hold_new_vendor
inv-tr-0470,"Please find attached invoice INV-52818 for the weekly cheese order delivered to the Seaport kitchen. Total due: $5,917.88, terms Net 15. Regards, Dev Murphy Hilltop Creamery",Hilltop Creamery,INV-52818,5917.88,6400,manager
inv-tr-0471,"Invoice #A9815 is attached for salmon fillets and shrimp (your Brookline site). Amount: $18,008.81. Payment terms: Net 30. Regards, Elena Kim Prime Cut Meats",Prime Cut Meats,A9815,18008.81,5120,cfo
inv-tr-0472,"Hi Harvest Table AP team, Attached is our invoice HT-4349-C totaling $5,789.13 for avocados, limes and cilantro. This covers the delivery to your Brookline site. Terms are due on receipt. Thanks, Mateo Kim | Sunrise Farms Co-op",Sunrise Farms Co-op,HT-4349-C,5789.13,5100,cfo
inv-tr-0473,"Hi Harvest Table AP team, We are writing to submit invoice no. HT-3841-E in the amount of $1,035.29 for romaine, heirloom tomatoes and fresh herbs at your Cambridge restaurant, payable 2/10 Net 30. Regards, Rachel Okafor Pinecrest Provisions",Pinecrest Provisions,HT-3841-E,1035.29,5100,hold_new_vendor
inv-tr-0474,"Dear Accounts Payable, Invoice #C7320 is attached for romaine, heirloom tomatoes and fresh herbs (your Cambridge restaurant). Amount: $1,154.00. Payment terms: Net 15. Thanks, Zara Haddad | Sunrise Farms Co-op",Sunrise Farms Co-op,C7320,1154.00,5100,auto_approve
inv-tr-0475,"Hi Harvest Table AP team, Invoice #HT-7136-D is attached for heavy cream, butter and cultured yogurt (Harvest Table Somerville). Amount: $3,443.29. Payment terms: 2/10 Net 30. Best, Mei Haddad, Accounts Receivable, Bay State Dairy",Bay State Dairy,HT-7136-D,3443.29,6300,manager
inv-tr-0476,"Good morning, We are writing to submit invoice no. 730895 in the amount of $5,191.00 for avocados, limes and cilantro at your Brookline site, payable Net 15. Thanks, Fatima Mensah | FixIt Appliance Pros",FixIt Appliance Pros,730895,5191.00,5100,hold_new_vendor
inv-tr-0477,"We are writing to submit invoice no. C6923 in the amount of $3,259.00 for the weekly cheese order at the Back Bay location, payable Net 45. Best, Chen Shah, Accounts Receivable, Golden Meadow Dairy",Golden Meadow Dairy,C6923,3259.00,5110,hold_new_vendor
inv-tr-0478,"Dear Accounts Payable, We are writing to submit invoice no. 535657 in the amount of $1,423.24 for whole milk and creme fraiche at your Brookline site, payable Net 45. Best, James Brooks, Accounts Receivable, Hilltop Creamery",Hilltop Creamery,535657,1423.24,5110,hold_new_vendor
inv-tr-0479,"Hi Harvest Table AP team, Please find attached invoice 859241 for nitrile gloves and trash liners delivered to the Back Bay location. Total due: $4,991.97, terms Net 30. Thanks, Olu Okafor | CleanPro Supply",CleanPro Supply,859241,4991.97,6200,manager
inv-tr-0480,"Hi Harvest Table AP team, We are writing to submit invoice no. 757665 in the amount of $4,594.51 for whole milk and creme fraiche at the commissary kitchen, payable Net 15. Regards, Yara Brooks Golden Meadow Dairy",Golden Meadow Dairy,757665,4594.51,5110,hold_new_vendor
inv-tr-0481,"Hi Harvest Table AP team, We are writing to submit invoice no. HT-3173-D in the amount of $1,689.57 for whole milk and creme fraiche at the commissary kitchen, payable Net 30. Best, Maria Murphy, Accounts Receivable, Hilltop Creamery",Hilltop Creamery,HT-3173-D,1689.57,5110,auto_approve
inv-tr-0482,"Dear Accounts Payable, Please find attached invoice HT-7468-E for emergency dishwasher repair delivered to the Back Bay location. Total due: $4,601.88, terms Net 15. KitchenTech Repair Billing Dept.",KitchenTech Repair,HT-7468-E,4601.88,6300,manager
inv-tr-0483,"Good morning, Reminder: invoice 612146 ($9,127.00) for dry-aged ribeyes and short rib to Harvest Table Somerville has been issued. Terms 2/10 Net 30. Thank you for your business. Regards, Kenji Silva Urban Greens LLC",Urban Greens LLC,612146,9127.00,5120,hold_new_vendor
inv-tr-0484,"Hi Harvest Table AP team, Invoice #B4982 is attached for romaine, heirloom tomatoes and fresh herbs (your Brookline site). Amount: $25,067.18. Payment terms: Net 45. Regards, Noah Singh Sunrise Farms Co-op",Sunrise Farms Co-op,B4982,25067.18,5100,auto_approve
inv-tr-0485,"Hello, Invoice #666007 is attached for chicken thighs and pork shoulder (your Brookline site). Amount: $7,512.99. Payment terms: 2/10 Net 30. FixIt Appliance Pros Billing Dept.",FixIt Appliance Pros,666007,7512.99,5120,hold_new_vendor
inv-tr-0486,"Hi Harvest Table AP team, We are writing to submit invoice no. HT-5815-E in the amount of $6,141.12 for emergency dishwasher repair at your Cambridge restaurant, payable due on receipt. Regards, Olu Garcia Blue Ox Butchers",Blue Ox Butchers,HT-5815-E,6141.12,6300,hold_new_vendor
inv-tr-0487,"Please find attached invoice A6792 for dish machine detergent and rinse aid delivered to the Back Bay location. Total due: $1,129.68, terms Net 15. Best, Maria Silva, Accounts Receivable, CleanPro Supply",CleanPro Supply,A6792,1129.68,6200,auto_approve
inv-tr-0488,"Hello, Reminder: invoice HT-3086-B ($24,507.30) for chicken thighs and pork shoulder to the Back Bay location has been issued. Terms Net 45. Thank you for your business. Atlantic Catch Seafood Billing Dept.",Atlantic Catch Seafood,HT-3086-B,24507.30,6300,cfo
inv-tr-0489,"Hi Harvest Table AP team, Reminder: invoice A5328 ($6,029.00) for organic baby spinach and root vegetables to your Brookline site has been issued. Terms Net 45. Thank you for your business. Best, Chen Okafor, Accounts Receivable, Sunrise Farms Co-op",Sunrise Farms Co-op,A5328,6029.00,6300,manager
inv-tr-0490,"Hi Harvest Table AP team, Please find attached invoice HT-5562-A for whole milk and creme fraiche delivered to your Brookline site. Total due: $15,575.63, terms Net 30. Hilltop Creamery Billing Dept.",Hilltop Creamery,HT-5562-A,15575.63,5110,auto_approve
inv-tr-0491,"Good morning, We are writing to submit invoice no. B1127 in the amount of $7,414.63 for organic baby spinach and root vegetables at the Seaport kitchen, payable Net 30. Pinecrest Provisions Billing Dept.",Pinecrest Provisions,B1127,7414.63,5100,auto_approve
inv-tr-0492,"Dear Accounts Payable, We are writing to submit invoice no. B1358 in the amount of $214.45 for the monthly chemical restock at the Back Bay location, payable due on receipt. Best, Tom Reyes, Accounts Receivable, CleanPro Supply",CleanPro Supply,B1358,214.45,6200,auto_approve
inv-tr-0493,"Reminder: invoice HT-2649-C ($1,696.64) for salmon fillets and shrimp to the Seaport kitchen has been issued. Terms 2/10 Net 30. Thank you for your business. Coastal Linen Partners Billing Dept.",Coastal Linen Partners,HT-2649-C,1696.64,5120,hold_new_vendor
inv-tr-0494,"Hello, Invoice #132990 is attached for heavy cream, butter and cultured yogurt (your Brookline site). Amount: $1,065.48. Payment terms: due on receipt. Best, Dev Silva, Accounts Receivable, Bay State Dairy",Bay State Dairy,132990,1065.48,5110,auto_approve
inv-tr-0495,"Hello, Invoice #991876 is attached for salmon fillets and shrimp (Harvest Table Somerville). Amount: $1,509. Payment terms: Net 30. Atlantic Catch Seafood Billing Dept.",Atlantic Catch Seafood,991876,1509.00,5120,auto_approve
inv-tr-0496,"Reminder: invoice INV-29384 ($1,583) for fresh cod, scallops and littleneck clams to the Back Bay location has been issued. Terms Net 30. Thank you for your business. Coastal Linen Partners Billing Dept.",Coastal Linen Partners,INV-29384,1583.00,5120,hold_new_vendor
inv-tr-0497,"Good morning, Reminder: invoice A8936 ($17,567.19) for salmon fillets and shrimp to the Back Bay location has been issued. Terms Net 30. Thank you for your business. Atlantic Catch Seafood Billing Dept.",Atlantic Catch Seafood,A8936,17567.19,5120,cfo
inv-tr-0498,"Hi Harvest Table AP team, Reminder: invoice 611990 ($810.15) for organic baby spinach and root vegetables to the Back Bay location has been issued. Terms Net 30. Thank you for your business. Regards, Zara Haddad Green Valley Produce",Green Valley Produce,611990,810.15,5100,auto_approve
inv-tr-0499,"Dear Accounts Payable, Reminder: invoice INV-79012 ($517.39) for fresh cod, scallops and littleneck clams to the Back Bay location has been issued. Terms Net 45. Thank you for your business. Prime Cut Meats Billing Dept.",Prime Cut Meats,INV-79012,517.39,5120,auto_approve
inv-tr-0500,"Hi Harvest Table AP team, Please find attached invoice INV-66440 for service call on the combi oven delivered to the Back Bay location. Total due: $20,050.02, terms 2/10 Net 30. Pinecrest Provisions Billing Dept.",Pinecrest Provisions,INV-66440,20050.02,6300,hold_new_vendor
inv-tr-0501,"Hi Harvest Table AP team, Invoice #A8175 is attached for whole milk and creme fraiche (your Cambridge restaurant). Amount: $5,144.38. Payment terms: 2/10 Net 30. Best, Zara Ali, Accounts Receivable, Blue Ox Butchers",Blue Ox Butchers,A8175,5144.38,5110,manager
inv-tr-0502,"Dear Accounts Payable, Reminder: invoice 191693 ($4,597.38) for dry-aged ribeyes and short rib to the commissary kitchen has been issued. Terms due on receipt. Thank you for your business. Thanks, Grace Kim | Prime Cut Meats",Prime Cut Meats,191693,4597.38,5120,manager
inv-tr-0503,"Dear Accounts Payable, Reminder: invoice 179517 ($16,011.42) for napkin and tablecloth service to your Cambridge restaurant has been issued. Terms Net 45. Thank you for your business. Thanks, Dev Wang | Metro Linen Service",Metro Linen Service,179517,16011.42,6400,cfo
inv-tr-0504,"Hello, Reminder: invoice INV-11063 ($4,258.27) for avocados, limes and cilantro to your Cambridge restaurant has been issued. Terms Net 30. Thank you for your business. Thanks, Ibrahim Ali | Green Valley Produce",Green Valley Produce,INV-11063,4258.27,5100,manager
inv-tr-0505,"Hi Harvest Table AP team, Attached is our invoice C1612 totaling $38,582.00 for nitrile gloves and trash liners. This covers the delivery to the Seaport kitchen. Terms are due on receipt. Best, Grace Rossi, Accounts Receivable, Pinecrest Provisions",Pinecrest Provisions,C1612,38582.00,6200,hold_new_vendor
inv-tr-0506,"Hello, Attached is our invoice INV-81912 totaling $5,186.78 for napkin and tablecloth service. This covers the delivery to your Cambridge restaurant. Terms are 2/10 Net 30. Best, Elena Novak, Accounts Receivable, Northshore Fish Market",Northshore Fish Market,INV-81912,5186.78,6400,hold_new_vendor
inv-tr-0507,"Hello, Please find attached invoice C3805 for mozzarella and ricotta for the pizza line delivered to the Back Bay location. Total due: $360.00, terms Net 15. Urban Greens LLC Billing Dept.",Urban Greens LLC,C3805,360.00,5110,hold_new_vendor
inv-tr-0508,"Reminder: invoice B1815 ($521.00) for repair of the walk-in cooler compressor to the Seaport kitchen has been issued. Terms Net 30. Thank you for your business. Regards, Arjun Garcia FixIt Appliance Pros",FixIt Appliance Pros,B1815,521.00,6300,hold_new_vendor
inv-tr-0509,"Good morning, Attached is our invoice HT-9848-B totaling $7,012.00 for the monthly chemical restock. This covers the delivery to Harvest Table Somerville. Terms are due on receipt. Best, Diego Novak, Accounts Receivable, FixIt Appliance Pros",FixIt Appliance Pros,HT-9848-B,7012.00,6200,hold_new_vendor
inv-tr-0510,"Hi Harvest Table AP team, Invoice #INV-90510 is attached for mozzarella and ricotta for the pizza line (your Cambridge restaurant). Amount: $429.38. Payment terms: Net 15. Hilltop Creamery Billing Dept.",Hilltop Creamery,INV-90510,429.38,5110,auto_approve
inv-tr-0511,"Dear Accounts Payable, Attached is our invoice A8052 totaling $2,021.35 for dry-aged ribeyes and short rib. This covers the delivery to your Brookline site. Terms are Net 15. Golden Meadow Dairy Billing Dept.",Golden Meadow Dairy,A8052,2021.35,5120,hold_new_vendor
inv-tr-0512,"Invoice #437690 is attached for nitrile gloves and trash liners (the commissary kitchen). Amount: $5,232.00. Payment terms: Net 30. Urban Greens LLC Billing Dept.",Urban Greens LLC,437690,5232.00,6200,hold_new_vendor
inv-tr-0513,"Hello, Please find attached invoice HT-2758-A for organic baby spinach and root vegetables delivered to the commissary kitchen. Total due: $27,811.99, terms 2/10 Net 30. Thanks, Grace Rossi | Green Valley Produce",Green Valley Produce,HT-2758-A,27811.99,5100,cfo
inv-tr-0514,"Hi Harvest Table AP team, We are writing to submit invoice no. INV-85269 in the amount of $421.84 for chicken thighs and pork shoulder at Harvest Table Somerville, payable Net 30. Atlantic Catch Seafood Billing Dept.",Atlantic Catch Seafood,INV-85269,421.84,5120,auto_approve
inv-tr-0515,"Hello, Please find attached invoice B3286 for the weekly cheese order delivered to the Seaport kitchen. Total due: $5,090.32, terms due on receipt. Thanks, Fatima Mensah | Bay State Dairy",Bay State Dairy,B3286,5090.32,5110,manager
inv-tr-0516,"Hello, Reminder: invoice INV-56321 ($1,868.92) for mozzarella and ricotta for the pizza line to the Seaport kitchen has been issued. Terms due on receipt. Thank you for your business. Hilltop Creamery Billing Dept.",Hilltop Creamery,INV-56321,1868.92,5110,hold_new_vendor
inv-tr-0517,"Hi Harvest Table AP team, Invoice #C3496 is attached for this week's citrus and stone fruit (your Cambridge restaurant). Amount: $6,304.61. Payment terms: 2/10 Net 30. Thanks, Kenji Dubois | Green Valley Produce",Green Valley Produce,C3496,6304.61,5120,manager
inv-tr-0518,"We are writing to submit invoice no. INV-14924 in the amount of $1,127.86 for the weekly cheese order at your Brookline site, payable due on receipt. Pinecrest Provisions Billing Dept.",Pinecrest Provisions,INV-14924,1127.86,5110,hold_new_vendor
inv-tr-0519,"Reminder: invoice 109382 ($4,562.00) for the weekly cheese order to your Brookline site has been issued. Terms 2/10 Net 30. Thank you for your business. Thanks, Mei Dubois | Golden Meadow Dairy",Golden Meadow Dairy,109382,4562.00,5110,hold_new_vendor
inv-tr-0520,"Hi Harvest Table AP team, We are writing to submit invoice no. INV-80705 in the amount of $198.28 for dish machine detergent and rinse aid at the Back Bay location, payable Net 30. Regards, Zara Novak Pinecrest Provisions",Pinecrest Provisions,INV-80705,198.28,6200,hold_new_vendor
inv-tr-0521,"Hello, Attached is our invoice INV-71554 totaling $1,850.00 for napkin and tablecloth service. This covers the delivery to the Seaport kitchen. Terms are due on receipt. Thanks, Camila Novak | Coastal Linen Partners",Coastal Linen Partners,INV-71554,1850.00,6400,hold_new_vendor
inv-tr-0522,"Good morning, Reminder: invoice 511066 ($37,763.43) for bar towels and linens rental to your Brookline site has been issued. Terms 2/10 Net 30. Thank you for your business. Best, Luca Patel, Accounts Receivable, Ace Restaurant Services",Ace Restaurant Services,511066,37763.43,6400,hold_new_vendor
inv-tr-0523,"Hello, Attached is our invoice HT-4005-A totaling $947.00 for nitrile gloves and trash liners. This covers the delivery to your Cambridge restaurant. Terms are Net 45. Regards, Chen Shah Northshore Fish Market",Northshore Fish Market,HT-4005-A,947.00,6200,cfo
inv-tr-0524,"Dear Accounts Payable, Invoice #HT-3170-D is attached for avocados, limes and cilantro (the commissary kitchen). Amount: $3,188.33. Payment terms: due on receipt. Urban Greens LLC Billing Dept.",Urban Greens LLC,HT-3170-D,3188.33,5120,hold_new_vendor
inv-tr-0525,"Invoice #188823 is attached for nitrile gloves and trash liners (the commissary kitchen). Amount: $4,080.00. Payment terms: due on receipt. Best, Hannah Ali, Accounts Receivable, Rivera Family Farms",Rivera Family Farms,188823,4080.00,6200,hold_new_vendor
inv-tr-0526,"Dear Accounts Payable, Reminder: invoice 294194 ($639.85) for chef coats and aprons laundering to the commissary kitchen has been issued. Terms Net 30. Thank you for your business. Regards, Tom Brooks Northshore Fish Market",Northshore Fish Market,294194,639.85,6400,hold_new_vendor
inv-tr-0527,"Hi Harvest Table AP team, We are writing to submit invoice no. 724028 in the amount of $7,294.15 for chef coats and aprons laundering at the commissary kitchen, payable 2/10 Net 30. Regards, Samuel Okafor Ace Restaurant Services",Ace Restaurant Services,724028,7294.15,6400,manager
inv-tr-0528,"Reminder: invoice HT-1484-A ($1,112.62) for dish machine detergent and rinse aid to Harvest Table Somerville has been issued. Terms Net 45. Thank you for your business. Regards, Samuel Haddad Coastal Linen Partners",Coastal Linen Partners,HT-1484-A,1112.62,6200,manager
inv-tr-0529,"Reminder: invoice 799524 ($3,159) for this week's citrus and stone fruit to the Seaport kitchen has been issued. Terms due on receipt. Thank you for your business. Best, Kenji Novak, Accounts Receivable, Green Valley Produce",Green Valley Produce,799524,3159.00,5100,manager
inv-tr-0530,"Good morning, Attached is our invoice B6903 totaling $1,556.61 for nitrile gloves and trash liners. This covers the delivery to the Back Bay location. Terms are 2/10 Net 30. CleanPro Supply Billing Dept.",CleanPro Supply,B6903,1556.61,6200,auto_approve
inv-tr-0531,"We are writing to submit invoice no. 182847 in the amount of $1,860.60 for napkin and tablecloth service at your Brookline site, payable Net 45. Thanks, Arjun Tanaka | Metro Linen Service",Metro Linen Service,182847,1860.60,6400,auto_approve
inv-tr-0532,"Hi Harvest Table AP team, Reminder: invoice A1373 ($38,754.87) for dish machine detergent and rinse aid to Harvest Table Somerville has been issued. Terms Net 45. Thank you for your business. Best, Priya Patel, Accounts Receivable, CleanPro Supply",CleanPro Supply,A1373,38754.87,6200,cfo
inv-tr-0533,"Good morning, Please find attached invoice 528725 for dry-aged ribeyes and short rib delivered to the commissary kitchen. Total due: $25,156.18, terms Net 15. Thanks, Kenji Dubois | Prime Cut Meats",Prime Cut Meats,528725,25156.18,5120,cfo
inv-tr-0534,"Dear Accounts Payable, Attached is our invoice INV-57322 totaling $35,258.50 for chef coats and aprons laundering. This covers the delivery to your Cambridge restaurant. Terms are Net 15. Best, Grace Cohen, Accounts Receivable, Metro Linen Service",Metro Linen Service,INV-57322,35258.50,6400,cfo
inv-tr-0535,"Good morning, We are writing to submit invoice no. HT-9690-B in the amount of $7,752.00 for chicken thighs and pork shoulder at your Cambridge restaurant, payable due on receipt. Best, Ben Wang, Accounts Receivable, Prime Cut Meats",Prime Cut Meats,HT-9690-B,7752.00,5120,manager
inv-tr-0536,"Hello, We are writing to submit invoice no. INV-32712 in the amount of $6,494.44 for emergency dishwasher repair at the Back Bay location, payable Net 45. Thanks, Maria Wang | KitchenTech Repair",KitchenTech Repair,INV-32712,6494.44,6300,manager
inv-tr-0537,"Hi Harvest Table AP team, Please find attached invoice C4789 for the monthly chemical restock delivered to your Cambridge restaurant. Total due: $498.71, terms 2/10 Net 30. Best, Ibrahim Murphy, Accounts Receivable, CleanPro Supply",CleanPro Supply,C4789,498.71,6200,auto_approve
inv-tr-0538,"Hi Harvest Table AP team, Attached is our invoice A2877 totaling $7,146 for emergency dishwasher repair. This covers the delivery to the commissary kitchen. Terms are Net 45. Regards, James Brooks Rivera Family Farms",Rivera Family Farms,A2877,7146.00,5120,hold_new_vendor
inv-tr-0539,"Invoice #HT-8384-A is attached for repair of the walk-in cooler compressor (Harvest Table Somerville). Amount: $8,834.21. Payment terms: 2/10 Net 30. Regards, Mateo Ali Urban Greens LLC",Urban Greens LLC,HT-8384-A,8834.21,6300,hold_new_vendor
inv-tr-0540,"Reminder: invoice HT-3535-D ($7,822.47) for fryer thermostat replacement to the Seaport kitchen has been issued. Terms Net 45. Thank you for your business. Regards, Ibrahim Ali Blue Ox Butchers",Blue Ox Butchers,HT-3535-D,7822.47,6400,hold_new_vendor
inv-tr-0541,"Dear Accounts Payable, Reminder: invoice INV-30593 ($1,834.02) for napkin and tablecloth service to the commissary kitchen has been issued. Terms 2/10 Net 30. Thank you for your business. Thanks, Tom Rossi | Metro Linen Service",Metro Linen Service,INV-30593,1834.02,6400,auto_approve
inv-tr-0542,"Hi Harvest Table AP team, Attached is our invoice HT-4922-C totaling $567.63 for mozzarella and ricotta for the pizza line. This covers the delivery to your Cambridge restaurant. Terms are Net 30. Best, Diego Reyes, Accounts Receivable, Coastal Linen Partners",Coastal Linen Partners,HT-4922-C,567.63,5110,hold_new_vendor
inv-tr-0543,"Dear Accounts Payable, Attached is our invoice 237873 totaling $7,984 for chicken thighs and pork shoulder. This covers the delivery to Harvest Table Somerville. Terms are Net 15. Prime Cut Meats Billing Dept.",Prime Cut Meats,237873,7984.00,5120,manager
inv-tr-0544,"Please find attached invoice HT-5870-E for avocados, limes and cilantro delivered to the Back Bay location. Total due: $596.70, terms due on receipt. Rivera Family Farms Billing Dept.",Rivera Family Farms,HT-5870-E,596.70,5100,hold_new_vendor
inv-tr-0545,"Dear Accounts Payable, Please find attached invoice 186924 for service call on the combi oven delivered to Harvest Table Somerville. Total due: $26,565.54, terms Net 30. Best, James Patel, Accounts Receivable, Coastal Linen Partners",Coastal Linen Partners,186924,26565.54,6300,manager
inv-tr-0546,"Hello, Invoice #654924 is attached for repair of the walk-in cooler compressor (the commissary kitchen). Amount: $8,129.00. Payment terms: 2/10 Net 30. FixIt Appliance Pros Billing Dept.",FixIt Appliance Pros,654924,8129.00,6300,hold_new_vendor
inv-tr-0547,"Dear Accounts Payable, Invoice #B7215 is attached for heavy cream, butter and cultured yogurt (your Brookline site). Amount: $8,214.15. Payment terms: due on receipt. Regards, Omar Novak Hilltop Creamery",Hilltop Creamery,B7215,8214.15,5110,hold_new_vendor
inv-tr-0548,"Hello, Please find attached invoice A3936 for avocados, limes and cilantro delivered to Harvest Table Somerville. Total due: $8,944, terms Net 15. Sunrise Farms Co-op Billing Dept.",Sunrise Farms Co-op,A3936,8944.00,5100,manager
inv-tr-0549,"Good morning, Invoice #553798 is attached for chef coats and aprons laundering (the Seaport kitchen). Amount: $6,134.34. Payment terms: 2/10 Net 30. Regards, Maria Wang Blue Ox Butchers",Blue Ox Butchers,553798,6134.34,6400,hold_new_vendor
inv-tr-0550,"Good morning, Reminder: invoice 950225 ($621.23) for salmon fillets and shrimp to your Brookline site has been issued. Terms Net 45. Thank you for your business. Best, Hannah Reyes, Accounts Receivable, Prime Cut Meats",Prime Cut Meats,950225,621.23,5120,manager
inv-tr-0551,"Hello, Attached is our invoice INV-70733 totaling $1,028.03 for the monthly chemical restock. This covers the delivery to your Cambridge restaurant. Terms are Net 45. Best, Kenji Haddad, Accounts Receivable, CleanPro Supply",CleanPro Supply,INV-70733,1028.03,5110,auto_approve
inv-tr-0552,"Dear Accounts Payable, We are writing to submit invoice no. INV-47984 in the amount of $8,114.80 for dish machine detergent and rinse aid at Harvest Table Somerville, payable Net 15. Thanks, Noah Wang | CleanPro Supply",CleanPro Supply,INV-47984,8114.80,6200,manager
inv-tr-0553,"Good morning, Please find attached invoice HT-6813-D for emergency dishwasher repair delivered to Harvest Table Somerville. Total due: $4,911.82, terms Net 45. Thanks, Omar Brooks | Sparkle Janitorial",Sparkle Janitorial,HT-6813-D,4911.82,6300,hold_new_vendor
inv-tr-0554,"Dear Accounts Payable, We are writing to submit invoice no. 826844 in the amount of $23,087.64 for whole milk and creme fraiche at the commissary kitchen, payable 2/10 Net 30. Best, Luca Wang, Accounts Receivable, Bay State Dairy",Bay State Dairy,826844,23087.64,5100,cfo
inv-tr-0555,"Good morning, Reminder: invoice INV-98255 ($522.00) for salmon fillets and shrimp to the Seaport kitchen has been issued. Terms Net 30. Thank you for your business. Regards, Olu Dubois Prime Cut Meats",Prime Cut Meats,INV-98255,522.00,5120,auto_approve
inv-tr-0556,"Dear Accounts Payable, We are writing to submit invoice no. INV-62708 in the amount of $1,263.62 for avocados, limes and cilantro at the Back Bay location, payable Net 45. Regards, Chen Larsen Green Valley Produce",Green Valley Produce,INV-62708,1263.62,6200,auto_approve
inv-tr-0557,"Please find attached invoice C8476 for whole milk and creme fraiche delivered to your Brookline site. Total due: $7,788, terms Net 15. FixIt Appliance Pros Billing Dept.",FixIt Appliance Pros,C8476,7788.00,5110,auto_approve
inv-tr-0558,"Reminder: invoice 287775 ($5,831.09) for avocados, limes and cilantro to your Brookline site has been issued. Terms Net 30. Thank you for your business. Best, Diego Brooks, Accounts Receivable, Green Valley Produce",Green Valley Produce,287775,5831.09,5100,manager
inv-tr-0559,"Hello, Invoice #B3487 is attached for whole milk and creme fraiche (your Brookline site). Amount: $16,187.33. Payment terms: Net 15. Regards, Arjun Patel Bay State Dairy",Bay State Dairy,B3487,16187.33,5110,cfo
inv-tr-0560,"Good morning, We are writing to submit invoice no. HT-5085-B in the amount of $7,939 for fresh cod, scallops and littleneck clams at the Back Bay location, payable due on receipt. Best, Zara Dubois, Accounts Receivable, Atlantic Catch Seafood",Atlantic Catch Seafood,HT-5085-B,7939.00,5120,manager
inv-tr-0561,"Dear Accounts Payable, Attached is our invoice A4951 totaling $1,758.34 for chef coats and aprons laundering. This covers the delivery to Harvest Table Somerville. Terms are due on receipt. Regards, Ben Wang Ace Restaurant Services",Ace Restaurant Services,A4951,1758.34,6400,hold_new_vendor
inv-tr-0562,"Attached is our invoice HT-1055-A totaling $6,738.00 for fryer thermostat replacement. This covers the delivery to your Brookline site. Terms are Net 15. Regards, Dev Brooks Ace Restaurant Services",Ace Restaurant Services,HT-1055-A,6738.00,6300,hold_new_vendor
inv-tr-0563,"Hello, Please find attached invoice 566923 for repair of the walk-in cooler compressor delivered to your Cambridge restaurant. Total due: $8,637, terms Net 15. KitchenTech Repair Billing Dept.",KitchenTech Repair,566923,8637.00,6300,manager
inv-tr-0564,"Hello, Please find attached invoice 163714 for mozzarella and ricotta for the pizza line delivered to your Cambridge restaurant. Total due: $23,790.36, terms due on receipt. Thanks, Diego Cohen | Bay State Dairy",Bay State Dairy,163714,23790.36,5110,cfo
inv-tr-0565,"Attached is our invoice A6718 totaling $238.00 for the weekly cheese order. This covers the delivery to the commissary kitchen. Terms are 2/10 Net 30. Thanks, Elena Wang | Hilltop Creamery",Hilltop Creamery,A6718,238.00,5110,auto_approve
inv-tr-0566,"Dear Accounts Payable, Attached is our invoice A7262 totaling $1,251.32 for fresh cod, scallops and littleneck clams. This covers the delivery to the Back Bay location. Terms are due on receipt. Thanks, Elena Reyes | Atlantic Catch Seafood",Atlantic Catch Seafood,A7262,1251.32,5120,auto_approve
inv-tr-0567,"Dear Accounts Payable, Reminder: invoice HT-8529-A ($13,535.41) for salmon fillets and shrimp to your Cambridge restaurant has been issued. Terms Net 30. Thank you for your business. Prime Cut Meats Billing Dept.",Prime Cut Meats,HT-8529-A,13535.41,5120,manager
inv-tr-0568,"Hi Harvest Table AP team, We are writing to submit invoice no. INV-49115 in the amount of $5,495.00 for mozzarella and ricotta for the pizza line at your Brookline site, payable Net 15. Regards, Dev Garcia Hilltop Creamery",Hilltop Creamery,INV-49115,5495.00,5110,auto_approve
inv-tr-0569,"Dear Accounts Payable, Reminder: invoice HT-5817-E ($29,573.62) for dish machine detergent and rinse aid to the commissary kitchen has been issued. Terms Net 30. Thank you for your business. Best, Yara Kim, Accounts Receivable, CleanPro Supply",CleanPro Supply,HT-5817-E,29573.62,6200,auto_approve
inv-tr-0570,"Good morning, Please find attached invoice B8344 for organic baby spinach and root vegetables delivered to your Brookline site. Total due: $729.66, terms Net 15. Best, Ibrahim Okafor, Accounts Receivable, Green Valley Produce",Green Valley Produce,B8344,729.66,5100,hold_new_vendor
inv-tr-0571,"Dear Accounts Payable, Invoice #HT-6953-B is attached for romaine, heirloom tomatoes and fresh herbs (the Back Bay location). Amount: $34,007.95. Payment terms: due on receipt. Pinecrest Provisions Billing Dept.",Pinecrest Provisions,HT-6953-B,34007.95,5100,hold_new_vendor
inv-tr-0572,"Invoice #304249 is attached for the monthly chemical restock (your Brookline site). Amount: $3,233.00. Payment terms: due on receipt. Thanks, Elena Dubois | Blue Ox Butchers",Blue Ox Butchers,304249,3233.00,6200,manager
inv-tr-0573,"Good morning, We are writing to submit invoice no. A1585 in the amount of $7,238.00 for heavy cream, butter and cultured yogurt at the commissary kitchen, payable Net 30. Thanks, Diego Kim | Bay State Dairy",Bay State Dairy,A1585,7238.00,5110,cfo
inv-tr-0574,"Dear Accounts Payable, Attached is our invoice 432150 totaling $5,895 for the monthly chemical restock. This covers the delivery to your Cambridge restaurant. Terms are due on receipt. Thanks, Priya Patel | Blue Ox Butchers",Blue Ox Butchers,432150,5895.00,6200,hold_new_vendor
inv-tr-0575,"Please find attached invoice 513626 for dish machine detergent and rinse aid delivered to your Cambridge restaurant. Total due: $1,531, terms 2/10 Net 30. Thanks, James Shah | CleanPro Supply",CleanPro Supply,513626,1531.00,6200,auto_approve
inv-tr-0576,"Dear Accounts Payable, Invoice #C2084 is attached for whole milk and creme fraiche (Harvest Table Somerville). Amount: $1,063.49. Payment terms: Net 15. Best, Aisha Shah, Accounts Receivable, Hilltop Creamery",Hilltop Creamery,C2084,1063.49,5110,auto_approve
inv-tr-0577,"Dear Accounts Payable, Reminder: invoice HT-5700-B ($972.88) for this week's citrus and stone fruit to the Back Bay location has been issued. Terms 2/10 Net 30. Thank you for your business. Best, Ben Tanaka, Accounts Receivable, Sunrise Farms Co-op",Sunrise Farms Co-op,HT-5700-B,972.88,5100,hold_new_vendor
inv-tr-0578,"Dear Accounts Payable, Invoice #190573 is attached for chef coats and aprons laundering (your Brookline site). Amount: $4,452.08. Payment terms: due on receipt. Best, Noah Ali, Accounts Receivable, Coastal Linen Partners",Coastal Linen Partners,190573,4452.08,6400,hold_new_vendor
inv-tr-0579,"Good morning, Please find attached invoice B3190 for avocados, limes and cilantro delivered to your Cambridge restaurant. Total due: $1,614.14, terms 2/10 Net 30. Green Valley Produce Billing Dept.",Green Valley Produce,B3190,1614.14,5100,auto_approve
inv-tr-0580,"Good morning, We are writing to submit invoice no. B4240 in the amount of $8,321 for repair of the walk-in cooler compressor at Harvest Table Somerville, payable Net 15. Regards, Rachel Cohen KitchenTech Repair",KitchenTech Repair,B4240,8321.00,6300,manager
inv-tr-0581,"Good morning, Invoice #B2948 is attached for chef coats and aprons laundering (the commissary kitchen). Amount: $1,224.21. Payment terms: Net 45. Best, Nina Haddad, Accounts Receivable, FixIt Appliance Pros",FixIt Appliance Pros,B2948,1224.21,6400,hold_new_vendor
inv-tr-0582,"Hello, Attached is our invoice INV-16422 totaling $7,115.10 for nitrile gloves and trash liners. This covers the delivery to the commissary kitchen. Terms are Net 45. Pinecrest Provisions Billing Dept.",Pinecrest Provisions,INV-16422,7115.10,5100,hold_new_vendor
inv-tr-0583,"Good morning, Please find attached invoice B6193 for chef coats and aprons laundering delivered to the Back Bay location. Total due: $5,800.61, terms due on receipt. Regards, Sofia Ali FixIt Appliance Pros",FixIt Appliance Pros,B6193,5800.61,6400,hold_new_vendor
inv-tr-0584,"Dear Accounts Payable, Reminder: invoice INV-61665 ($417.77) for dry-aged ribeyes and short rib to your Brookline site has been issued. Terms Net 15. Thank you for your business. Atlantic Catch Seafood Billing Dept.",Atlantic Catch Seafood,INV-61665,417.77,5120,auto_approve
inv-tr-0585,"Dear Accounts Payable, We are writing to submit invoice no. 296574 in the amount of $1,446.22 for chicken thighs and pork shoulder at the commissary kitchen, payable due on receipt. Urban Greens LLC Billing Dept.",Urban Greens LLC,296574,1446.22,5120,hold_new_vendor
inv-tr-0586,"Good morning, Reminder: invoice HT-9569-A ($1,638.57) for this week's citrus and stone fruit to Harvest Table Somerville has been issued. Terms Net 45. Thank you for your business. Sunrise Farms Co-op Billing Dept.",Sunrise Farms Co-op,HT-9569-A,1638.57,5100,auto_approve
inv-tr-0587,"Dear Accounts Payable, Attached is our invoice 933256 totaling $1,792.32 for dish machine detergent and rinse aid. This covers the delivery to your Brookline site. Terms are Net 15. Thanks, Sofia Brooks | CleanPro Supply",CleanPro Supply,933256,1792.32,6200,auto_approve
inv-tr-0588,"Hi Harvest Table AP team, We are writing to submit invoice no. INV-30475 in the amount of $8,315.74 for nitrile gloves and trash liners at your Brookline site, payable Net 15. Thanks, Ben Murphy | CleanPro Supply",CleanPro Supply,INV-30475,8315.74,6200,manager
inv-tr-0589,"We are writing to submit invoice no. HT-1237-A in the amount of $1,305 for salmon fillets and shrimp at Harvest Table Somerville, payable Net 45. Thanks, Chen Kim | Prime Cut Meats",Prime Cut Meats,HT-1237-A,1305.00,5120,hold_new_vendor
inv-tr-0590,"Please find attached invoice 508280 for repair of the walk-in cooler compressor delivered to the Seaport kitchen. Total due: $1,749.00, terms Net 45. Best, Rachel Patel, Accounts Receivable, KitchenTech Repair",KitchenTech Repair,508280,1749.00,6300,auto_approve
inv-tr-0591,"Hi Harvest Table AP team, Invoice #HT-6153-E is attached for organic baby spinach and root vegetables (your Cambridge restaurant). Amount: $31,203.14. Payment terms: Net 15. Thanks, Hannah Ali | Sunrise Farms Co-op",Sunrise Farms Co-op,HT-6153-E,31203.14,5110,cfo
inv-tr-0592,"Dear Accounts Payable, Attached is our invoice A8257 totaling $32,818.09 for fresh cod, scallops and littleneck clams. This covers the delivery to Harvest Table Somerville. Terms are due on receipt. Prime Cut Meats Billing Dept.",Prime Cut Meats,A8257,32818.09,5120,cfo
inv-tr-0593,"Hi Harvest Table AP team, Reminder: invoice 386748 ($5,358.36) for mozzarella and ricotta for the pizza line to Harvest Table Somerville has been issued. Terms Net 45. Thank you for your business. Best, Fatima Murphy, Accounts Receivable, Hilltop Creamery",Hilltop Creamery,386748,5358.36,5110,manager
inv-tr-0594,"Hi Harvest Table AP team, We are writing to submit invoice no. A3186 in the amount of $3,732.00 for dry-aged ribeyes and short rib at the Back Bay location, payable due on receipt. Atlantic Catch Seafood Billing Dept.",Atlantic Catch Seafood,A3186,3732.00,5120,manager
inv-tr-0595,"Invoice #INV-49165 is attached for heavy cream, butter and cultured yogurt (the commissary kitchen). Amount: $204.90. Payment terms: due on receipt. Hilltop Creamery Billing Dept.",Hilltop Creamery,INV-49165,204.90,5110,hold_new_vendor
inv-tr-0596,"Attached is our invoice INV-17272 totaling $1,138.73 for the monthly chemical restock. This covers the delivery to the Seaport kitchen. Terms are Net 30. Best, Dev Haddad, Accounts Receivable, CleanPro Supply",CleanPro Supply,INV-17272,1138.73,6200,auto_approve
inv-tr-0597,"Dear Accounts Payable, Please find attached invoice 306344 for salmon fillets and shrimp delivered to the Seaport kitchen. Total due: $8,048.84, terms Net 15. Thanks, Aisha Shah | Prime Cut Meats",Prime Cut Meats,306344,8048.84,5120,manager
inv-tr-0598,"Hi Harvest Table AP team, Attached is our invoice INV-50205 totaling $4,432.80 for organic baby spinach and root vegetables. This covers the delivery to your Brookline site. Terms are Net 30. Regards, Sofia Murphy Sunrise Farms Co-op",Sunrise Farms Co-op,INV-50205,4432.80,5100,manager
inv-tr-0599,"Hi Harvest Table AP team, Please find attached invoice INV-26604 for romaine, heirloom tomatoes and fresh herbs delivered to your Brookline site. Total due: $8,823.83, terms 2/10 Net 30. Regards, Chen Singh Green Valley Produce",Green Valley Produce,INV-26604,8823.83,5100,manager
